County,Year,Total,Felony Total,Drug Felony,Violent Felony,DWI Felony,Other Felony,Misdemeanor Total,Drug Misdemeanor,DWI Misdemeanor,Property Misdemeanor,Other Misdemeanor,Less_than_9th_grade,With_disability,Civilian_veterans,Limited_English,Total_housing_units,With_mortgage,Without_mortgage,Unemployment_rate,Median_household_income,Below_poverty_level,No_health_insurance
Albany,2015,7412,2590,509,533,161,1387,4822,692,1173,1531,1426,4979,11.2,6.7,3.9,138081,64,36,6.4,59887,12.6,6
Allegany,2015,792,209,33,39,38,99,583,43,136,161,243,1035,15.2,10.9,1.3,26024,49.6,50.4,9.2,42776,14.5,9.1
Bronx,2015,59576,16121,4333,5623,156,6009,43455,10988,921,14389,17157,134663,13.6,2.9,25.8,520329,61.6,38.4,14,34299,26.6,13.7
Broome,2015,4968,1532,216,389,91,836,3436,566,336,1431,1103,3632,14.4,8.5,3.1,90026,56,44,7.8,46261,16.2,7
Cattaraugus,2015,1516,439,103,86,47,203,1077,78,274,313,412,2358,15.1,11.6,2,41034,50.8,49.2,8.2,42601,15.4,10.2
Cayuga,2015,1327,431,68,57,27,279,896,85,193,308,310,1483,13.9,9.9,1.5,36405,59.3,40.7,7.3,52082,10.4,8.4
Chautauqua,2015,3262,889,180,189,90,430,2373,247,503,739,884,3519,15.2,9.8,2.8,66741,53.7,46.3,7.8,42993,15.9,7.7
Chemung,2015,1903,482,94,80,55,253,1421,208,217,528,468,1388,13.5,9.5,0.8,38382,60.1,39.9,5.4,50320,13.9,6.7
Chenango,2015,778,245,51,34,18,142,533,58,105,179,191,1249,17.7,9.5,1.1,24742,50.4,49.6,7.1,45668,13.8,9
Clinton,2015,1942,516,113,85,53,265,1426,129,345,530,422,2973,15,9.9,1.6,35918,55,45,6.9,49930,15.1,6.1
Columbia,2015,1082,264,43,45,38,138,818,137,153,232,296,1475,15.7,9.3,2.2,32802,58.3,41.7,6.7,59105,10.6,6.7
Cortland,2015,1335,372,61,67,31,213,963,113,149,336,365,887,12.9,8.4,1.3,20527,55.7,44.3,6.1,49514,14.5,6.5
Delaware,2015,892,221,32,39,28,122,671,64,144,193,270,1191,16.6,9.6,1.5,31202,48.3,51.7,9.5,43720,12.7,9.1
Dutchess,2015,4683,1411,182,287,160,782,3272,450,913,938,971,7273,13.1,7.2,5.3,118996,69.6,30.4,8.7,71904,8.7,7.7
Erie,2015,21815,6367,869,1840,364,3294,15448,3386,1974,4693,5395,19711,13.1,8.2,3.4,420782,62.4,37.6,7,51247,12.9,5.7
Essex,2015,615,182,36,26,19,101,433,46,133,80,174,1051,16.1,11.4,2.2,25678,50.6,49.4,7.9,52758,9.6,8
Franklin,2015,1121,323,56,47,40,180,798,48,193,238,319,1724,14.6,9.4,2.3,25293,50.4,49.6,8.8,47923,17.5,10.3
Fulton,2015,1185,376,42,66,41,227,809,60,186,259,304,1467,16.1,9.4,1.4,28617,54.4,45.6,9.3,46969,15.2,9.4
Genesee,2015,1395,401,45,73,41,242,994,114,209,315,356,987,13.4,9.4,1.1,25636,60.5,39.5,6.7,50880,11.3,7.7
Greene,2015,1275,350,76,47,44,183,925,142,313,205,265,1126,15.7,9.6,2.6,29276,56.9,43.1,9.1,50278,11.9,7.6
Hamilton,2015,63,13,2,1,2,8,50,3,19,11,17,178,17.1,15.3,1.4,8757,39.9,60.1,9.7,48243,12.7,10.3
Herkimer,2015,1179,303,39,46,43,175,876,76,190,286,324,1413,13.9,10.3,1.8,33345,52.1,47.9,8.7,46229,12.6,8.6
Jefferson,2015,2465,616,110,100,45,361,1849,117,342,772,618,1845,13.4,14,1.5,58536,61.3,38.7,10.6,49505,12.5,8.1
Kings,2015,68195,23876,3936,7266,236,12438,44319,10520,1556,16314,15929,178723,9.9,2.3,23.6,1017282,63.2,36.8,10,48201,20.3,12
Lewis,2015,316,100,24,22,14,40,216,17,51,56,92,560,14,10.9,0.9,15249,51.4,48.6,8.3,49819,10.6,9.9
Livingston,2015,1290,407,60,65,52,230,883,158,225,197,303,1235,12.7,9,1.6,27249,61.1,38.9,5.4,51734,13.7,5.8
Madison,2015,1163,312,45,47,37,183,851,79,171,266,335,1475,11.4,9.4,0.8,31742,61.6,38.4,5.1,54145,10.6,5.7
Monroe,2015,14503,4356,529,1064,428,2335,10147,769,1893,4111,3374,16392,12.6,6.9,4.9,323313,67.7,32.3,7.7,52553,13,6.1
Montgomery,2015,1126,321,56,60,28,177,805,70,124,307,304,1644,15.5,8.9,4.1,23184,54,46,8.9,43764,17.2,8.9
Nassau,2015,15827,4944,811,1176,291,2666,10883,2794,2095,2899,3095,43562,8.4,5.2,11.6,467256,65.3,34.7,6.4,99465,5.6,7.5
New York,2015,67721,17493,3924,3838,103,9628,50228,11103,1528,24088,13509,894391,11.1,5.4,13.5,8171725,63.2,36.8,8.2,59269,13.9,9.7
New York,2015,67721,17493,3924,3838,103,9628,50228,11103,1528,24088,13509,894391,11.1,5.4,13.5,8171725,63.2,36.8,7.5,72871,16.8,8.9
New York,2015,67721,17493,3924,3838,103,9628,50228,11103,1528,24088,13509,894391,11.1,5.4,13.5,862289,53.3,46.7,8.2,59269,13.9,9.7
New York,2015,67721,17493,3924,3838,103,9628,50228,11103,1528,24088,13509,894391,11.1,5.4,13.5,862289,53.3,46.7,7.5,72871,16.8,8.9
New York,2015,67721,17493,3924,3838,103,9628,50228,11103,1528,24088,13509,88770,9.8,2.5,15.8,8171725,63.2,36.8,8.2,59269,13.9,9.7
New York,2015,67721,17493,3924,3838,103,9628,50228,11103,1528,24088,13509,88770,9.8,2.5,15.8,8171725,63.2,36.8,7.5,72871,16.8,8.9
New York,2015,67721,17493,3924,3838,103,9628,50228,11103,1528,24088,13509,88770,9.8,2.5,15.8,862289,53.3,46.7,8.2,59269,13.9,9.7
New York,2015,67721,17493,3924,3838,103,9628,50228,11103,1528,24088,13509,88770,9.8,2.5,15.8,862289,53.3,46.7,7.5,72871,16.8,8.9
Niagara,2015,4815,1417,220,372,107,718,3398,352,607,1111,1328,3997,13.4,9,1.4,99170,58.7,41.3,7.6,49449,12.1,6.3
Oneida,2015,5173,1217,264,240,85,628,3956,463,509,1614,1370,7513,15.6,9.9,5.2,104006,57.4,42.6,7.4,48246,14.1,6.6
Onondaga,2015,10331,3436,557,832,172,1875,6895,1149,956,2697,2093,9209,12.1,7.7,3.9,203956,65.7,34.3,7.2,55092,13.4,6.7
Ontario,2015,1875,581,74,101,81,325,1294,108,359,400,427,1819,11.9,9.5,2.2,49418,64.9,35.1,6.4,57416,9.5,6.8
Orange,2015,8602,2343,502,481,234,1126,6259,1319,1112,1926,1902,9477,11.9,7.9,8.7,139103,71.3,28.7,7.3,70848,10,7.9
Orleans,2015,704,241,40,39,20,142,463,45,99,140,179,1306,17.1,9.4,1.5,18498,61.2,38.8,9,46359,14,8.5
Oswego,2015,2722,821,157,187,55,422,1901,195,371,685,650,3091,14.5,9.2,1.2,53656,59.9,40.1,9.7,47860,15.9,7.8
Otsego,2015,1158,320,55,53,37,175,838,89,205,277,267,1148,12.7,9.5,1.3,30665,53.3,46.7,7.1,48588,15.8,7.4
Putnam,2015,1143,272,66,48,42,116,871,177,341,116,237,2580,10.3,6.1,6.7,38289,71.9,28.1,6.8,96148,5.4,7.7
Queens,2015,50816,17918,2211,5120,268,10319,32898,5795,1952,10705,14446,173583,9.5,2.7,28.8,844189,61.2,38.8,8.6,57720,13.7,15.6
Rensselaer,2015,3300,1057,147,214,68,628,2243,248,452,703,840,2753,12.5,8.2,2.4,71742,67.5,32.5,7.6,60709,10.6,5.7
Richmond,2015,9167,3175,709,924,76,1466,5992,1508,546,1614,2324,15027,9.9,5,10.9,178136,70.5,29.5,6.9,73197,11.1,7.2
Rockland,2015,3737,1150,150,260,99,641,2587,371,707,668,841,11496,9,4.6,16.7,104442,70.4,29.6,7.9,84855,10.5,8.7
St. Lawrence,2015,2215,646,160,103,43,340,1569,196,325,453,595,3041,15.5,9,2.4,52203,53,47,10,44705,17.1,9.6
Saratoga,2015,3723,927,125,143,119,540,2796,303,713,872,908,2386,11.1,9.7,1.7,100953,67,33,6,71496,6.3,4.9
Schenectady,2015,4109,1325,293,272,50,710,2784,284,273,1067,1160,3880,13.1,7.8,3.8,68171,66.1,33.9,7.4,58114,10.2,6.9
Schoharie,2015,529,120,8,14,15,83,409,18,126,137,128,760,15.8,10.7,0.8,17201,56.8,43.2,10.5,51195,11.6,7
Schuyler,2015,322,98,21,11,16,50,224,18,55,70,81,381,14.9,11.4,0.8,9513,51.3,48.7,6.4,47680,13.5,9.9
Seneca,2015,710,223,29,31,40,123,487,40,122,161,164,1062,15.8,10,1.2,16161,57.7,42.3,5.5,49292,11.8,10.3
Steuben,2015,2126,641,119,97,75,350,1485,181,312,463,529,2203,15.7,11.7,1.4,48849,51.3,48.7,8.2,47280,13.9,9.3
Suffolk,2015,21689,5135,775,983,564,2813,16554,4308,3186,4388,4672,47721,9.3,6.4,9.4,570194,69.8,30.2,6.4,88663,6.5,8.4
Sullivan,2015,1866,506,81,102,43,280,1360,264,292,376,428,2161,15.5,9,5.4,49548,54.1,45.9,11.5,50710,15.2,10.6
Tioga,2015,645,183,35,29,25,94,462,70,103,82,207,817,13.4,10.6,1.1,22183,56.1,43.9,6.9,57514,9.1,7.2
Tompkins,2015,1588,374,60,64,46,204,1214,107,260,492,355,815,9.5,5,3.3,41983,60.4,39.6,5.9,52624,21.1,5.6
Ulster,2015,4220,1031,190,166,132,543,3189,494,772,870,1053,3908,13.8,7.4,3.1,83733,60.3,39.7,9.3,58918,12.6,9.4
Warren,2015,1662,465,69,69,55,272,1197,122,258,387,430,1283,14.1,9.7,1.4,38928,58.7,41.3,6.6,56798,10.6,8.2
Washington,2015,1203,334,55,52,40,187,869,127,212,167,363,1503,14.3,10.4,0.9,28994,59.5,40.5,9.5,51143,11.8,8.9
Wayne,2015,1492,469,68,82,67,252,1023,82,230,296,415,2020,14,9.1,1.5,41386,61.7,38.3,7.5,50798,10.9,8.3
Westchester,2015,13195,3986,752,987,220,2027,9209,1783,1464,2440,3522,45038,9,4.6,12.2,370032,66.6,33.4,7.6,83958,8.8,9.6
Wyoming,2015,660,220,42,37,27,114,440,44,113,81,202,1144,13.1,9.3,1.3,18037,59.5,40.5,7.4,52564,10.4,7.3
Yates,2015,349,96,19,7,19,51,253,21,62,64,106,1301,13.2,9.4,5.4,13693,54.4,45.6,6.9,49510,12.1,20.2
Albany,2016,7680,2830,622,521,161,1526,4850,720,1076,1622,1432,4916,11,6.4,4.1,138448,63.8,36.2,5.8,60904,12.2,5.4
Allegany,2016,930,296,44,50,36,166,634,48,190,130,266,1067,15.5,10.5,1.5,25991,49.1,50.9,8.1,44085,14.3,8.8
Bronx,2016,56288,17087,4472,5914,132,6569,39201,9119,1071,12482,16529,132714,13.8,2.7,26,522401,60.7,39.3,12.7,35302,26.3,12.3
Broome,2016,5210,1607,240,381,84,902,3603,775,344,1261,1223,3454,15.1,8,3.1,89919,55.7,44.3,7.4,47744,15.7,5.8
Cattaraugus,2016,1507,436,109,73,64,190,1071,74,293,351,353,2265,15.1,11.2,2.1,40973,50.7,49.3,7.5,43884,15.1,9.1
Cayuga,2016,1292,405,50,91,38,226,887,74,173,284,356,1492,13.7,9.6,1.4,36418,57.6,42.4,6.9,53114,10.1,7.3
Chautauqua,2016,3273,907,197,154,83,473,2366,328,511,687,840,3678,15.4,9.3,2.9,66722,52.6,47.4,7.9,43211,16.3,7
Chemung,2016,1987,453,87,99,51,216,1534,230,233,651,420,1534,14,9.4,0.8,38372,60.3,39.7,5.6,49578,14,6.3
Chenango,2016,805,235,41,55,12,127,570,55,97,220,198,1213,18.3,9.5,1,24817,50.3,49.7,7,46979,13.9,6.9
Clinton,2016,1891,503,108,72,47,276,1388,173,381,420,414,2607,15.5,9.8,1.4,35948,54.6,45.4,6.6,50502,14.7,5.6
Columbia,2016,1048,273,32,59,38,144,775,153,155,199,268,1684,15.9,8.8,2.7,32863,57,43,5.5,59916,11.4,6.1
Cortland,2016,1300,411,96,74,38,203,889,118,131,334,306,856,12.8,8.1,1.3,20492,55.5,44.5,5.2,50910,13.3,5.9
Delaware,2016,942,335,94,50,20,171,607,85,144,120,258,1013,16.6,9.3,1.8,31158,48.2,51.8,8.3,46055,13.1,8
Dutchess,2016,4887,1477,232,237,181,827,3410,552,948,929,981,6652,13.2,7,5,119023,68.4,31.6,7.6,72706,8.5,6.6
Erie,2016,21336,6452,1001,1849,309,3293,14884,3114,1960,4761,5049,18673,13.1,7.9,3.5,421361,62.4,37.6,6.1,52744,12.8,4.8
Essex,2016,693,204,40,29,22,113,489,60,148,87,194,902,16.8,10.6,1.8,25756,49.3,50.7,7.5,53244,9.4,6.8
Franklin,2016,1168,356,99,49,31,177,812,80,167,242,323,1842,15,8.9,2.3,25324,49.9,50.1,8.5,49782,17.1,8.7
Fulton,2016,1050,344,53,65,31,195,706,53,155,223,275,1334,16.8,9.2,1,28632,53.9,46.1,8,46090,15,8.6
Genesee,2016,1250,423,58,63,33,269,827,97,189,263,278,953,13.6,9.2,1,25657,60.5,39.5,5.4,52641,10.6,6.2
Greene,2016,1236,321,63,49,38,171,915,162,276,176,301,1185,15,9,2.4,29282,54.7,45.3,7.8,51013,12.3,6.7
Hamilton,2016,64,12,1,3,0,8,52,8,24,6,14,178,20.2,14.3,1.4,8776,42.1,57.9,9.2,52708,11.1,9.6
Herkimer,2016,1055,231,15,28,37,151,824,59,156,311,298,1500,14.5,10.3,1.5,33368,50.7,49.3,8.8,48893,12.2,7.7
Jefferson,2016,2398,612,129,102,54,327,1786,144,374,589,679,1972,13.5,13.8,1.8,58728,59.9,40.1,9.4,49911,12.3,7.8
Kings,2016,66973,25031,3548,7702,305,13476,41942,9669,1528,15410,15335,173424,10.1,2.1,23.1,1021747,62.5,37.5,9,50640,19.9,10.7
Lewis,2016,392,131,34,13,23,61,261,28,79,62,92,571,14.1,10.1,1,15287,51.8,48.2,7.9,49976,11.7,9
Livingston,2016,1289,386,72,41,54,219,903,182,215,197,309,1140,12.7,8.8,1.5,27313,60.9,39.1,5.1,52724,13.8,5.2
Madison,2016,1156,308,44,45,26,193,848,104,146,264,334,1462,11.5,9,0.7,31774,60.5,39.5,4.9,55858,10.5,5.3
Monroe,2016,14112,4393,554,1071,423,2345,9719,855,1872,3755,3237,15773,13,6.6,5,324405,67.4,32.6,7.3,53568,12.7,5.2
Montgomery,2016,1161,314,59,52,32,171,847,97,153,283,314,1837,15.2,8.4,4.2,23208,53,47,8.4,44455,17.1,8.8
Nassau,2016,16993,5326,1115,1112,289,2810,11667,3782,2009,2677,3199,44821,8.4,4.9,11.7,467127,64.6,35.4,5.8,102044,5.4,6.6
New York,2016,68475,18648,3911,4106,112,10519,49827,11861,1419,22700,13847,882123,11.2,5.1,13.5,8191568,62.6,37.4,7.5,60741,13.7,8.6
New York,2016,68475,18648,3911,4106,112,10519,49827,11861,1419,22700,13847,882123,11.2,5.1,13.5,8191568,62.6,37.4,6.9,75513,16.6,7.6
New York,2016,68475,18648,3911,4106,112,10519,49827,11861,1419,22700,13847,882123,11.2,5.1,13.5,866644,52.3,47.7,7.5,60741,13.7,8.6
New York,2016,68475,18648,3911,4106,112,10519,49827,11861,1419,22700,13847,882123,11.2,5.1,13.5,866644,52.3,47.7,6.9,75513,16.6,7.6
New York,2016,68475,18648,3911,4106,112,10519,49827,11861,1419,22700,13847,85508,9.9,2.3,15.6,8191568,62.6,37.4,7.5,60741,13.7,8.6
New York,2016,68475,18648,3911,4106,112,10519,49827,11861,1419,22700,13847,85508,9.9,2.3,15.6,8191568,62.6,37.4,6.9,75513,16.6,7.6
New York,2016,68475,18648,3911,4106,112,10519,49827,11861,1419,22700,13847,85508,9.9,2.3,15.6,866644,52.3,47.7,7.5,60741,13.7,8.6
New York,2016,68475,18648,3911,4106,112,10519,49827,11861,1419,22700,13847,85508,9.9,2.3,15.6,866644,52.3,47.7,6.9,75513,16.6,7.6
Niagara,2016,5030,1443,198,378,95,772,3587,487,603,1196,1301,3887,13.2,9,1.3,99162,58.6,41.4,7.1,50094,11.9,5.4
Oneida,2016,5197,1246,308,262,57,619,3951,532,557,1460,1402,7186,15.1,9.3,5.1,103958,57.4,42.6,6.9,49838,13.8,5.6
Onondaga,2016,10477,3493,569,824,205,1895,6984,1220,1132,2585,2047,9381,12.4,7.5,3.7,204504,64.7,35.3,6.8,55717,13.2,5.8
Ontario,2016,1832,566,65,87,77,337,1266,103,312,450,401,1766,11.9,9.1,2.1,49693,64,36,5.5,58070,9.5,5.8
Orange,2016,8785,2286,508,457,178,1143,6499,1534,1096,1911,1958,9005,12.1,7.7,9,139757,70.5,29.5,6.7,71910,9.9,6.8
Orleans,2016,801,250,51,31,23,145,551,45,118,181,207,1411,17.1,8.8,1.7,18509,58.3,41.7,7.4,48731,13.4,7.7
Oswego,2016,2654,757,119,159,57,422,1897,209,365,703,620,2871,14.7,9,1.1,53687,59.6,40.4,9.1,49571,15.6,7.1
Otsego,2016,1104,333,66,50,37,180,771,100,184,227,260,1065,13.1,8.8,1.3,30684,53.6,46.4,6.9,49689,16,7.2
Putnam,2016,1370,308,82,43,41,142,1062,224,445,136,257,2715,10.5,5.7,6.4,38321,71.6,28.4,6.2,97606,5.3,6.5
Queens,2016,47697,17432,1877,4846,327,10382,30265,5273,1834,9358,13800,173337,9.6,2.6,28.9,846689,60.5,39.5,7.8,59758,13.3,13.9
Rensselaer,2016,3290,1046,160,224,58,604,2244,326,444,652,822,2800,13,7.8,2.5,71760,67,33,6.8,61754,10.6,5.3
Richmond,2016,10007,3507,725,859,71,1852,6500,1792,642,1711,2355,14801,10,4.8,10.7,178603,69.8,30.2,6.2,74021,11.6,6.6
Rockland,2016,3431,1023,111,245,79,588,2408,338,596,666,808,11973,9.4,4.3,17,104651,69.8,30.2,7,86134,10.4,7.9
St. Lawrence,2016,2254,617,87,140,56,334,1637,222,298,569,548,2905,15.9,9,2.4,52272,52.3,47.7,10,46313,17,8.6
Saratoga,2016,3639,958,175,170,127,486,2681,387,822,693,779,2582,11.3,9.2,1.7,101985,67,33,5.4,74080,6.2,4.4
Schenectady,2016,3989,1299,295,296,54,654,2690,248,259,1014,1169,4045,13.5,7.3,4.1,68236,66.3,33.7,7.4,59959,9.8,5.9
Schoharie,2016,549,143,8,36,21,78,406,29,92,108,177,732,15.6,10.3,1,17229,56.3,43.7,10.1,50607,12.7,6
Schuyler,2016,329,116,36,12,13,55,213,19,64,70,60,376,15.7,10.4,0.9,9544,52.8,47.2,7.3,47229,13.7,8.5
Seneca,2016,778,273,58,36,41,138,505,55,122,146,182,1066,15.9,9.3,1.4,16230,55.3,44.7,5.3,50073,11.6,9.7
Steuben,2016,1942,642,125,104,83,330,1300,137,301,350,512,2219,15.6,11.3,1.6,48813,51,49,7.6,48823,12.9,8
Suffolk,2016,19972,4841,786,927,488,2640,15131,3821,3082,4069,4159,47657,9.5,6.1,9.4,570464,69.2,30.8,6.1,90128,6.7,7.6
Sullivan,2016,1768,498,74,111,61,252,1270,253,251,346,420,2259,15.4,8.6,5.4,49645,52.9,47.1,10.1,52027,14.9,9.5
Tioga,2016,679,193,21,51,27,94,486,63,120,107,196,798,14,10.6,0.8,22170,53.4,46.6,6.7,58115,9.9,6.2
Tompkins,2016,1479,372,67,84,41,180,1107,137,259,384,327,803,9.2,5.1,3.2,42118,59.7,40.3,5.4,54133,20.8,5.3
Ulster,2016,4111,1075,211,193,112,559,3036,565,708,707,1056,4058,13.7,6.6,3.2,83762,60.2,39.8,8.5,60393,12.7,8.4
Warren,2016,1719,442,82,72,40,248,1277,136,244,542,355,1281,14.6,9.3,1.4,39045,59.5,40.5,6,57174,9.9,6.8
Washington,2016,1165,275,54,58,22,141,890,127,201,153,409,1647,13.8,9.6,0.8,28996,58.2,41.8,8.1,51449,11.3,8.1
Wayne,2016,1471,396,43,60,50,243,1075,94,238,334,409,2142,14.7,9.1,1.5,41421,61.7,38.3,7,51627,10.5,7
Westchester,2016,13033,4092,773,996,225,2098,8941,1613,1725,2326,3277,44678,9.1,4.3,12.4,369925,66.2,33.8,7.1,86226,9.1,8.9
Wyoming,2016,636,253,60,52,19,122,383,42,90,81,170,1029,13.1,8.8,1.2,18072,59.1,40.9,7.1,53612,10,5.9
Yates,2016,324,101,36,13,11,41,223,19,56,48,100,1428,13,8.9,6,13729,52.2,47.8,7.2,50105,11.5,21.1
Albany,2017,7563,2712,631,511,174,1396,4851,895,980,1556,1420,5104,11.3,6.1,4.3,140088,63.1,36.9,5.3,62293,11.8,4.7
Allegany,2017,771,208,42,38,29,99,563,57,153,131,222,1082,15.6,10.1,1.3,26324,47.9,52.1,7.3,45359,13.9,8.1
Bronx,2017,51310,16248,3794,5739,136,6579,35062,8238,980,10062,15782,134691,14.6,2.5,26.1,524488,60,40,11.6,36593,25.7,11.1
Broome,2017,5342,1403,262,314,66,761,3939,967,374,1344,1254,3497,15.4,7.7,3,90727,55.2,44.8,7.2,49064,15.6,4.9
Cattaraugus,2017,1614,487,113,63,60,251,1127,123,315,287,402,2008,15.7,10.6,1.9,41431,50.4,49.6,7,45571,14.9,7.5
Cayuga,2017,1188,384,53,52,37,242,804,56,167,258,323,1659,14.1,9.2,1.5,36882,57.4,42.6,5.9,54664,10.2,6.5
Chautauqua,2017,3424,1023,256,201,72,494,2401,439,482,657,823,3572,15.8,9,2.9,67422,52.4,47.6,7.7,44304,15.8,6.6
Chemung,2017,1879,490,102,96,53,239,1389,252,214,520,403,1554,14.9,8.8,0.7,38761,58.9,41.1,5.3,51251,13.8,5.5
Chenango,2017,754,236,63,44,14,115,518,57,82,180,199,1083,18.5,9.3,0.9,25269,48.4,51.6,6.7,48567,13.4,5.3
Clinton,2017,1864,632,103,101,66,362,1232,132,314,382,404,2510,15.7,9.1,1.6,36352,54.4,45.6,5.8,52759,14.7,4.9
Columbia,2017,1175,294,74,47,28,145,881,215,191,187,288,1692,15.9,8.4,2.8,33252,55.7,44.3,5,61093,10.7,5.2
Cortland,2017,1311,371,87,42,34,208,940,167,134,365,274,780,13.1,7.4,1.1,20724,54.7,45.3,4.9,52451,14.2,4.8
Delaware,2017,892,262,68,37,31,126,630,101,105,155,269,1052,16.3,8.7,2.1,31524,46.9,53.1,7.1,47921,13.5,7.1
Dutchess,2017,5055,1479,258,248,133,840,3576,686,1002,879,1009,6498,13,6.5,4.9,120136,68.1,31.9,6.7,75585,8.4,5.6
Erie,2017,19876,6208,1015,1646,317,3230,13668,3015,1920,4135,4598,18240,13.2,7.5,3.5,425716,61.8,38.2,5.5,54006,12.9,4.3
Essex,2017,664,192,37,30,23,102,472,65,122,123,162,868,17.4,9.7,1.3,26114,51,49,6.7,55294,8.4,5.2
Franklin,2017,1199,398,96,62,31,209,801,100,156,218,327,1736,15.5,8.6,2.3,25582,50,50,8.2,50733,17.3,7.3
Fulton,2017,1058,382,49,51,29,253,676,79,142,195,260,1275,16.2,8.7,1.2,29004,53.1,46.9,7.6,48033,14.2,7.2
Genesee,2017,1181,402,62,84,38,218,779,103,210,232,234,729,14.8,9,1,25712,59.9,40.1,5.1,54033,10.9,5.1
Greene,2017,1368,362,91,50,43,178,1006,208,325,207,266,1188,14.3,8.5,2.3,29625,53.5,46.5,6.2,53214,11.4,5.7
Hamilton,2017,49,19,1,7,5,6,30,7,10,1,12,88,22.6,7.8,2.5,8885,46.3,53.7,11.2,55587,9.2,11.6
Herkimer,2017,1081,284,23,63,35,163,797,74,151,241,331,1501,15.8,10,1.1,33726,49.5,50.5,8.2,49077,12.7,6.6
Jefferson,2017,2265,653,128,89,70,366,1612,148,319,562,583,1888,13.6,13.7,1.7,59547,58.9,41.1,8,50322,12.6,6.4
Kings,2017,62471,23710,3745,7112,290,12563,38761,10197,1456,12861,14247,172862,10.3,2,22.9,1028383,61.8,38.2,8.1,52782,19.3,9.5
Lewis,2017,335,130,53,16,12,49,205,21,57,47,80,501,13.9,9.3,0.9,15519,51,49,7.6,51475,11.4,7.8
Livingston,2017,1240,340,51,38,56,195,900,169,205,209,317,1151,13.2,8.2,1.8,27427,60.7,39.3,4.8,53654,13.7,4.2
Madison,2017,1100,270,36,48,17,169,830,98,127,280,325,1254,12.1,8.8,0.8,32137,61.4,38.6,4.4,58365,10.2,4.9
Monroe,2017,14363,4603,619,1060,411,2513,9760,886,1734,3729,3411,16056,13.3,6.3,5.2,325818,66.4,33.6,6.6,55272,12.8,4.5
Montgomery,2017,1134,340,64,50,28,198,794,112,120,255,307,1654,15.9,7.9,4,23480,52.3,47.7,7.3,47449,16.7,8.2
Nassau,2017,16973,5237,1081,1148,277,2731,11736,4536,1880,2290,3030,44564,8.5,4.5,11.7,471031,64.1,35.9,4.9,105744,5.4,5.8
New York,2017,61314,17028,3156,3987,99,9786,44286,10435,1345,19992,12514,884080,11.4,4.9,13.6,8255911,61.9,38.1,6.8,62765,13.4,7.6
New York,2017,61314,17028,3156,3987,99,9786,44286,10435,1345,19992,12514,884080,11.4,4.9,13.6,8255911,61.9,38.1,6.2,79781,16.3,6.7
New York,2017,61314,17028,3156,3987,99,9786,44286,10435,1345,19992,12514,884080,11.4,4.9,13.6,872645,51.2,48.8,6.8,62765,13.4,7.6
New York,2017,61314,17028,3156,3987,99,9786,44286,10435,1345,19992,12514,884080,11.4,4.9,13.6,872645,51.2,48.8,6.2,79781,16.3,6.7
New York,2017,61314,17028,3156,3987,99,9786,44286,10435,1345,19992,12514,88010,10.2,2.3,15.5,8255911,61.9,38.1,6.8,62765,13.4,7.6
New York,2017,61314,17028,3156,3987,99,9786,44286,10435,1345,19992,12514,88010,10.2,2.3,15.5,8255911,61.9,38.1,6.2,79781,16.3,6.7
New York,2017,61314,17028,3156,3987,99,9786,44286,10435,1345,19992,12514,88010,10.2,2.3,15.5,872645,51.2,48.8,6.8,62765,13.4,7.6
New York,2017,61314,17028,3156,3987,99,9786,44286,10435,1345,19992,12514,88010,10.2,2.3,15.5,872645,51.2,48.8,6.2,79781,16.3,6.7
Niagara,2017,4920,1481,238,346,79,818,3439,470,605,1060,1304,4009,13.5,8.7,1.5,100104,58.3,41.7,6.2,51656,12.1,4.9
Oneida,2017,5285,1382,325,282,57,718,3903,623,502,1363,1415,7378,14.9,9,5,104998,57.1,42.9,6,51316,13.9,5
Onondaga,2017,10279,3342,499,816,188,1839,6937,1480,1069,2438,1950,9191,12.5,7.2,3.7,206707,63.9,36.1,6.4,57271,13,5.2
Ontario,2017,1814,563,95,80,80,308,1251,152,294,406,399,1598,11.9,8.7,2.3,50074,63.4,36.6,4.7,61710,8.9,5
Orange,2017,9159,2387,587,490,210,1100,6772,1694,1183,1880,2015,8570,12,7.2,8.9,141493,69.3,30.7,5.6,75146,9.5,5.8
Orleans,2017,924,296,51,43,27,175,628,57,149,175,247,1231,17.2,9,1.9,18528,58.2,41.8,6.5,49223,13.5,6.4
Oswego,2017,2447,710,84,163,52,411,1737,181,354,597,605,2828,15.2,9.3,1,54304,60.6,39.4,8.6,51755,15.4,6.1
Otsego,2017,1024,286,45,64,26,151,738,89,180,225,244,981,12.9,8.3,1.5,31098,51.8,48.2,6.7,51254,15.4,6.4
Putnam,2017,1397,327,108,43,66,110,1070,299,411,103,257,2590,10.6,5.3,6.5,38578,70.4,29.6,5.3,99608,5,5.7
Queens,2017,42740,15449,1814,4786,274,8575,27291,5247,1713,7856,12475,174550,9.6,2.4,29.3,850422,59.4,40.6,6.9,62008,12.6,12.2
Rensselaer,2017,3279,1091,192,220,66,613,2188,347,406,641,794,2720,13.6,7.6,2.5,72663,66.5,33.5,5.8,63166,10.7,4.8
Richmond,2017,8958,3223,636,800,80,1707,5735,1466,638,1473,2158,15504,10,4.6,10.9,179179,69.3,30.7,5.5,76244,11.5,5.9
Rockland,2017,3467,984,124,256,82,522,2483,375,606,641,861,12176,9.3,3.9,17.2,105530,68.8,31.2,6.3,88571,10.3,7.3
St. Lawrence,2017,2166,693,145,109,39,400,1473,272,273,429,499,2869,15.8,8.9,2.6,52908,52.5,47.5,8.8,48330,16.6,7.7
Saratoga,2017,4060,1075,132,190,137,616,2985,453,891,748,893,2690,11.3,9,1.7,103766,66.2,33.8,4.6,77548,6.3,3.8
Schenectady,2017,3694,1272,287,225,50,710,2422,221,256,915,1030,3766,13.6,7.4,3.7,69062,64.4,35.6,7.3,61315,10.3,5.5
Schoharie,2017,448,110,11,26,15,58,338,29,55,93,161,748,16,9.6,0.9,17465,55.8,44.2,7.5,51842,12.7,5
Schuyler,2017,272,88,24,11,14,39,184,23,62,48,51,414,16.1,10.4,1,9691,50.9,49.1,7.2,47810,14,6.9
Seneca,2017,738,231,33,34,28,136,507,52,112,178,165,1178,16.6,9.2,1.7,16293,55.5,44.5,4.9,51601,11.1,9.7
Steuben,2017,1833,644,148,121,58,317,1189,184,257,313,435,2173,15.8,11.3,1.8,49363,50.8,49.2,7,50157,12.6,7.2
Suffolk,2017,20534,5009,895,866,510,2738,15525,4374,2767,3901,4483,46974,9.5,5.7,9.1,574342,68.3,31.7,5.4,92838,6.6,6.5
Sullivan,2017,1920,520,76,102,64,278,1400,336,322,322,420,2235,16.3,8.1,4.9,50232,52.5,47.5,9.3,53877,13.8,7.7
Tioga,2017,730,221,34,34,25,128,509,111,112,95,191,749,14,10.4,0.7,22427,52.2,47.8,6.5,57153,10,5.7
Tompkins,2017,1274,297,45,67,29,156,977,98,176,413,290,790,8.8,4.8,3.4,42727,59.4,40.6,4.8,56200,21.1,5
Ulster,2017,4256,1105,229,136,121,619,3151,667,721,727,1036,3828,13.6,6.4,3.2,84647,59.2,40.8,7.1,61652,12.5,6.9
Warren,2017,1754,487,85,90,32,280,1267,185,259,436,387,1291,14.5,9.5,1.3,39559,60.3,39.7,4.8,60222,9.2,5.9
Washington,2017,1205,363,44,53,48,218,842,153,199,161,329,1625,14.2,9.5,0.8,29367,58,42,6.6,52527,11.6,7
Wayne,2017,1566,476,44,97,68,267,1090,115,224,288,463,2210,14.7,8.8,1.7,41561,60.9,39.1,6.4,53693,10.3,5.9
Westchester,2017,12677,3739,604,950,228,1957,8938,1703,1544,2243,3448,44461,9.2,4,12.8,373236,65.4,34.6,6.5,89968,8.8,7.8
Wyoming,2017,773,259,41,53,38,127,514,70,177,80,187,1036,13.4,8.4,1.1,18085,58.7,41.3,6.5,55459,9.9,4.9
Yates,2017,293,87,20,9,9,49,206,31,59,34,82,1370,12,8.3,5.2,13771,53.7,46.3,6,51758,11.3,19.6
Albany,2018,6864,2465,518,477,137,1333,4399,824,810,1432,1333,5083,11.2,6.1,4.5,140830,63.6,36.4,4.8,64535,11,4
Allegany,2018,796,245,45,59,33,108,551,52,120,112,267,968,16,9.8,1.2,26300,46.1,53.9,6.1,47033,14.4,6.9
Bronx,2018,45488,15008,3074,5573,142,6219,30480,5939,954,7427,16160,131141,14.8,2.4,26,526784,59.6,40.4,10.5,38085,25.1,9.7
Broome,2018,4918,1373,267,291,71,744,3545,778,423,1203,1141,3520,15.6,7.6,3.2,90830,55.5,44.5,6.6,50859,15.5,4.2
Cattaraugus,2018,1648,548,173,85,58,232,1100,149,268,311,372,2103,15.8,10.3,1.9,41520,49.4,50.6,6.3,47240,14.8,7
Cayuga,2018,1245,348,39,77,25,207,897,81,165,294,357,1704,14.8,8.6,1.4,36947,57.1,42.9,5.4,56579,10.4,5.4
Chautauqua,2018,3380,1003,158,196,74,575,2377,484,416,660,817,3197,15.5,8.2,3,67514,52.3,47.7,6.9,45332,16,5.5
Chemung,2018,1957,533,121,123,49,240,1424,296,229,465,434,1763,15.4,9,1.1,38797,58.3,41.7,5,53299,13.1,4.6
Chenango,2018,853,255,62,50,25,118,598,77,122,178,221,1049,19.2,9.5,0.8,25448,47.6,52.4,5.7,50595,13.2,4.7
Clinton,2018,1835,635,132,116,57,330,1200,145,319,340,396,2319,15.8,8.9,1.6,36459,54.4,45.6,4.8,55178,14.3,4.4
Columbia,2018,1326,341,83,49,36,173,985,288,196,216,285,1547,15.8,8.3,2.9,33386,55.6,44.4,4.9,63032,11,4.7
Cortland,2018,1209,347,60,58,19,210,862,182,154,277,249,796,13.1,7.2,0.9,20766,54.7,45.3,4.5,54489,15,4.3
Delaware,2018,851,249,59,33,23,134,602,96,112,139,255,1030,16.3,8.8,2,31565,47.6,52.4,5.1,48827,13.4,6
Dutchess,2018,4375,1292,219,227,126,720,3083,610,864,669,940,6540,13.1,6.3,4.8,120472,66.6,33.4,5.9,78028,8.5,5
Erie,2018,20173,6703,1226,1795,327,3355,13470,3058,1744,4082,4586,17901,13.2,7.3,3.8,427147,61.4,38.6,4.8,55673,12.7,3.7
Essex,2018,677,191,24,30,28,109,486,95,165,80,146,840,16.8,8.6,1.2,26183,50.9,49.1,5.8,56196,9,3.9
Franklin,2018,1133,403,108,57,23,215,730,93,162,174,301,1529,15.4,8.3,2,25650,50.6,49.4,7.1,51696,16.3,6.5
Fulton,2018,1181,366,73,63,32,198,815,123,168,214,310,1192,15.9,8.3,1.1,29052,53.7,46.3,6.1,50248,13.8,6.3
Genesee,2018,1211,371,28,68,56,219,840,88,241,235,276,638,15,8.7,1,25750,60.2,39.8,4.7,59338,9.7,4.1
Greene,2018,1405,420,120,49,64,187,985,232,306,194,253,1189,13.9,8.5,2.2,29681,53,47,4.6,53617,12.9,5.5
Hamilton,2018,53,18,3,4,1,10,35,5,5,9,16,94,25.6,10.4,2.1,8914,45.7,54.3,8,57552,6.9,6.8
Herkimer,2018,1014,238,19,48,34,137,776,105,199,204,268,1518,15.7,9.5,1.5,33774,49.2,50.8,7.2,51862,12.7,5.9
Jefferson,2018,2138,600,140,108,55,297,1538,122,343,531,542,1845,14.2,13.6,1.9,59801,57.7,42.3,6.5,52268,12.1,6
Kings,2018,54238,23195,3288,7140,212,12555,31043,6619,1280,9278,13866,163082,10.2,1.9,22.3,1035746,61.2,38.8,7,56015,18.7,8.2
Lewis,2018,332,96,21,18,7,50,236,12,71,56,97,533,14.5,8.4,1.1,15605,51.9,48.1,6.9,52380,11.1,6.6
Livingston,2018,1120,348,68,45,46,189,772,174,207,143,248,995,13,7.8,2.1,27455,61.1,38.9,4.2,56071,13,3.3
Madison,2018,1269,372,76,66,33,197,897,122,166,308,301,1296,12.7,8.4,1.1,32209,59.8,40.2,4.7,60228,9.4,4.8
Monroe,2018,13543,4354,604,1005,405,2340,9189,777,1647,3464,3301,16138,13.6,6,5.3,326920,66,34,5.9,57479,12.8,3.8
Montgomery,2018,1102,323,49,54,26,194,779,113,127,221,318,1606,16.4,7.8,3.8,23493,51.7,48.3,7.7,45837,16.8,6.6
Nassau,2018,17032,4692,992,1036,298,2366,12340,5296,1818,2313,2913,43513,8.3,4.3,11.5,471835,63.8,36.2,4.3,111240,5.3,4.8
New York,2018,50154,17114,2321,3984,102,10707,33040,5938,1222,13897,11983,857177,11.5,4.7,13.4,8287087,61.3,38.7,6,65323,13,6.5
New York,2018,50154,17114,2321,3984,102,10707,33040,5938,1222,13897,11983,857177,11.5,4.7,13.4,8287087,61.3,38.7,5.7,82459,15.6,5.8
New York,2018,50154,17114,2321,3984,102,10707,33040,5938,1222,13897,11983,857177,11.5,4.7,13.4,874237,50,50,6,65323,13,6.5
New York,2018,50154,17114,2321,3984,102,10707,33040,5938,1222,13897,11983,857177,11.5,4.7,13.4,874237,50,50,5.7,82459,15.6,5.8
New York,2018,50154,17114,2321,3984,102,10707,33040,5938,1222,13897,11983,87317,10.3,2.3,15.3,8287087,61.3,38.7,6,65323,13,6.5
New York,2018,50154,17114,2321,3984,102,10707,33040,5938,1222,13897,11983,87317,10.3,2.3,15.3,8287087,61.3,38.7,5.7,82459,15.6,5.8
New York,2018,50154,17114,2321,3984,102,10707,33040,5938,1222,13897,11983,87317,10.3,2.3,15.3,874237,50,50,6,65323,13,6.5
New York,2018,50154,17114,2321,3984,102,10707,33040,5938,1222,13897,11983,87317,10.3,2.3,15.3,874237,50,50,5.7,82459,15.6,5.8
Niagara,2018,4451,1421,186,323,85,827,3030,437,555,913,1125,3756,13.9,8.5,1.5,100301,58,42,5.3,54085,12,3.6
Oneida,2018,4922,1202,184,232,81,705,3720,547,331,1502,1340,6959,14.7,8.6,5.1,105102,57.3,42.7,5.5,53844,13.5,4.2
Onondaga,2018,10392,3369,538,793,185,1853,7023,1366,1136,2381,2140,9034,12.6,7,3.9,207567,63.5,36.5,6,59225,12.7,4.1
Ontario,2018,1878,611,133,82,64,332,1267,181,287,406,393,1555,12.5,8.3,2.2,50412,62.4,37.6,4.1,63359,8.7,4
Orange,2018,8729,2480,705,455,220,1100,6249,1488,1215,1810,1736,8661,11.9,7.1,8.9,142360,68,32,4.9,76716,9.4,5.2
Orleans,2018,785,254,42,42,19,151,531,40,102,165,224,1089,16.8,9.9,2.3,18570,57.3,42.7,5.2,51843,12.8,5.5
Oswego,2018,2774,725,79,117,65,464,2049,282,324,831,612,2684,15.3,9.4,0.9,54409,60.2,39.8,7.9,53597,15.2,5
Otsego,2018,1052,297,70,57,26,144,755,96,159,228,272,952,13.9,8.1,1.7,31224,51.6,48.4,6.4,53121,14.7,5.7
Putnam,2018,1266,301,93,58,35,115,965,245,382,97,241,2497,10.2,5.2,6.1,38605,69.7,30.3,5.3,102186,5.4,4.6
Queens,2018,39106,15402,1892,4853,245,8412,23704,2971,1474,7348,11911,167643,9.5,2.4,29.1,855716,58.4,41.6,6.2,64987,12,10.5
Rensselaer,2018,3155,1115,177,231,76,631,2040,275,368,705,692,2736,13.6,7.6,2.5,72852,65.5,34.5,5.1,65851,10.3,4.3
Richmond,2018,8357,3069,521,788,69,1691,5288,1185,618,1405,2080,16162,10,4.4,10.9,179871,68.9,31.1,4.9,79267,11.6,4.9
Rockland,2018,3321,981,106,243,76,556,2340,372,550,639,779,11305,9.3,3.8,17.2,105911,67.6,32.4,5.5,91108,10.2,6.1
St. Lawrence,2018,2111,642,144,129,39,330,1469,259,261,430,519,2631,16.1,8.9,2.5,53102,51.6,48.4,7.4,49305,15.5,5.9
Saratoga,2018,3913,1040,179,163,128,570,2873,487,748,749,889,2736,11.2,8.7,1.7,104895,66.9,33.1,3.8,80839,5.9,3.5
Schenectady,2018,3793,1282,231,236,53,762,2511,263,249,902,1097,3795,12.9,7,3.4,69302,62.8,37.2,6.6,63785,10.1,4.8
Schoharie,2018,395,99,5,16,15,63,296,27,63,88,118,720,16.1,9.3,0.9,17506,55.7,44.3,5.8,53989,12,4.2
Schuyler,2018,309,97,21,15,22,39,212,30,75,46,61,444,16.9,10.3,1,9736,49.6,50.4,5.5,51479,12.2,5.6
Seneca,2018,666,220,40,28,39,113,446,44,88,133,181,1262,17,8.8,2,16336,54.8,45.2,3.5,54695,11.7,9.6
Steuben,2018,1996,733,218,117,66,332,1263,228,287,314,434,2144,15.5,11,1.7,49462,50.2,49.8,6.5,51789,12.3,5.8
Suffolk,2018,20003,4822,893,851,406,2672,15181,4403,2516,3938,4324,45995,9.6,5.5,8.7,575162,67.6,32.4,4.7,96675,6.5,5.4
Sullivan,2018,1929,599,93,113,39,354,1330,386,252,355,337,2480,16.4,7.7,5,50457,51.9,48.1,7.7,56256,12.6,6.1
Tioga,2018,684,207,47,31,25,104,477,110,97,88,182,697,14.6,10.1,0.6,22486,51.9,48.1,6.3,60736,9.6,4.4
Tompkins,2018,1198,308,48,72,30,158,890,129,157,352,252,977,9.1,4.7,3.5,43048,60.5,39.5,4.6,58743,20.6,3.7
Ulster,2018,3965,1102,219,148,129,606,2863,641,648,674,900,4093,13.8,6.2,3.5,84874,58.5,41.5,6.2,63348,13.2,5.9
Warren,2018,1754,454,81,65,40,268,1300,224,291,405,380,1200,14.9,9.2,1.4,39760,61,39,4.4,59813,9.6,5
Washington,2018,1242,389,49,53,47,240,853,196,205,150,302,1918,14.6,9,1.6,29461,55.9,44.1,5.7,54114,11,6.4
Wayne,2018,1479,399,44,46,62,247,1080,112,189,392,387,2176,14.8,9.1,1.5,41637,62.3,37.7,5.9,55765,10,5
Westchester,2018,12759,3838,724,878,210,2026,8921,2093,1543,1915,3370,42544,9.4,3.9,13,373942,65,35,5.8,92758,8.7,6.8
Wyoming,2018,791,285,50,53,41,141,506,69,209,71,157,923,13.9,8.2,1.1,18156,60,40,5.9,57914,9.8,4.2
Yates,2018,313,101,16,11,17,57,212,28,55,38,91,1423,12.5,7.8,5.2,13795,52.3,47.7,4.7,54343,10.3,18.8
Albany,2019,6232,2288,418,462,101,1307,3944,674,588,1476,1206,204918,303159,249823,13.2,141553,63.5,36.5,4.5,66252,10.8,3.1
Allegany,2019,752,210,33,45,15,117,542,60,159,106,217,30038,46221,37235,4.9,26373,44.9,55.1,4.9,48412,14.1,6.6
Bronx,2019,40456,14959,2798,5790,117,6254,25497,4105,756,6191,14445,929546,1414023,1076258,59.3,529796,59.2,40.8,10,40088,24.3,8.6
Broome,2019,4807,1425,293,311,60,761,3382,659,361,1290,1072,128064,190442,155522,9.4,90946,54.9,45.1,6.2,52226,15.8,4.2
Cattaraugus,2019,1523,453,129,65,55,204,1070,163,282,237,388,52849,76342,59904,4.7,41596,48.6,51.4,5.5,48703,14.6,6.9
Cayuga,2019,1241,411,66,60,25,260,830,62,135,294,339,55436,73839,61985,4.6,37077,56,44,4.5,58377,10.6,5.1
Chautauqua,2019,3603,1081,207,209,60,605,2522,463,421,692,946,89517,126145,102142,7.9,67645,51,49,6.1,46820,15.5,5.4
Chemung,2019,2039,525,103,102,55,265,1514,358,207,502,447,59604,81599,66530,4.4,38870,56,44,5.6,54940,12.3,4.3
Chenango,2019,787,250,38,49,17,146,537,83,81,132,241,34344,47305,37936,3.5,25625,45.7,54.3,6,52002,12.6,4.3
Clinton,2019,1708,460,111,77,57,215,1248,116,274,465,393,55211,75998,66023,5.6,36576,53.8,46.2,4.4,56365,13.6,3.9
Columbia,2019,1263,340,85,63,34,158,923,329,206,140,248,45574,58739,49711,7.1,33486,54.9,45.1,4.9,66787,10.7,4.6
Cortland,2019,1071,299,33,67,33,166,772,125,179,202,266,30113,47408,38698,3.3,20737,56.1,43.9,5.3,56023,16,3.2
Delaware,2019,756,197,43,41,26,87,559,85,126,131,217,32787,44562,37309,6.6,31609,46.4,53.6,4.7,49544,13.6,5.1
Dutchess,2019,4267,1200,215,211,154,620,3067,596,900,697,874,205613,285513,237355,15.6,120789,64.7,35.3,5,81219,8.4,4.7
Erie,2019,19181,6358,1283,1604,330,3141,12823,2799,1811,3844,4369,645981,907930,731193,10.7,428362,61.2,38.8,4.3,58121,12.4,3.2
Essex,2019,646,159,21,19,25,94,487,67,164,88,168,28667,35066,31299,6.1,26296,50.1,49.9,5,56763,9.2,3.6
Franklin,2019,926,321,96,32,23,170,605,109,130,155,211,35065,45835,40407,8.4,25754,49.1,50.9,7,50407,15.3,5.1
Fulton,2019,1015,291,61,44,29,157,724,132,154,208,230,38601,52878,42686,2.9,29112,52,48,5.1,50482,13.3,4.8
Genesee,2019,1214,380,43,80,41,216,834,97,196,220,321,41334,57314,46044,3.7,25797,59.8,40.2,4.1,60524,9.6,3.5
Greene,2019,1214,342,81,45,49,167,872,208,317,129,218,35359,44501,39493,7.8,29678,53.4,46.6,3.9,53601,13.2,4.2
Hamilton,2019,52,9,0,1,2,6,43,1,18,7,17,3567,4493,3886,4.4,8948,42.5,57.5,3.6,58675,9.8,6.1
Herkimer,2019,959,274,17,55,41,161,685,77,188,170,250,43732,61428,49121,5.3,33831,49.4,50.6,5.9,54646,11.9,5
Jefferson,2019,1868,527,84,95,43,305,1341,115,290,471,465,71540,100713,75565,8.3,59969,57.6,42.4,6.2,52685,12.2,5.3
Kings,2019,46517,22136,2920,7195,196,11825,24381,2925,1118,7694,12644,1780247,2576511,1994578,45,1044493,61.1,38.9,6.2,60231,17.8,7.3
Lewis,2019,359,124,35,16,16,57,235,27,84,47,77,18360,26263,20314,2.9,15679,49.9,50.1,4.8,54524,11,5.5
Livingston,2019,1025,393,88,51,51,203,632,114,165,112,241,42678,61017,52177,6.9,27506,60.8,39.2,3.5,59510,12.6,3.2
Madison,2019,1097,305,35,59,35,176,792,99,149,248,296,47967,70712,57342,4.3,32278,59.2,40.8,4,61633,9.4,4.4
Monroe,2019,12605,4232,575,968,410,2279,8373,531,1603,3332,2907,512676,736134,587276,14,327880,65.9,34.1,5.5,60075,12.6,3.3
Montgomery,2019,1121,375,75,59,26,215,746,123,133,208,282,34199,48528,37970,14.8,23496,50.4,49.6,6.6,49462,15.8,6.3
Nassau,2019,15369,4611,811,1031,269,2500,10758,4074,1764,2236,2684,943013,1346804,1062204,28.7,472572,63.7,36.3,3.9,116100,5.2,4.4
New York,2019,42785,15342,1783,4098,69,9392,27443,4471,953,11170,10849,13631937,19333899,15440436,30.5,8322722,60.8,39.2,5.5,68486,12.6,5.8
New York,2019,42785,15342,1783,4098,69,9392,27443,4471,953,11170,10849,13631937,19333899,15440436,30.5,8322722,60.8,39.2,5.2,86553,15,5.2
New York,2019,42785,15342,1783,4098,69,9392,27443,4471,953,11170,10849,13631937,19333899,15440436,30.5,880085,49.2,50.8,5.5,68486,12.6,5.8
New York,2019,42785,15342,1783,4098,69,9392,27443,4471,953,11170,10849,13631937,19333899,15440436,30.5,880085,49.2,50.8,5.2,86553,15,5.2
New York,2019,42785,15342,1783,4098,69,9392,27443,4471,953,11170,10849,1249365,1621173,1396738,39.4,8322722,60.8,39.2,5.5,68486,12.6,5.8
New York,2019,42785,15342,1783,4098,69,9392,27443,4471,953,11170,10849,1249365,1621173,1396738,39.4,8322722,60.8,39.2,5.2,86553,15,5.2
New York,2019,42785,15342,1783,4098,69,9392,27443,4471,953,11170,10849,1249365,1621173,1396738,39.4,880085,49.2,50.8,5.5,68486,12.6,5.8
New York,2019,42785,15342,1783,4098,69,9392,27443,4471,953,11170,10849,1249365,1621173,1396738,39.4,880085,49.2,50.8,5.2,86553,15,5.2
Niagara,2019,4562,1435,191,360,82,802,3127,438,519,1015,1155,150726,208743,168027,4.3,100373,57.6,42.4,5,55522,11.8,3.3
Oneida,2019,4544,1096,154,217,78,647,3448,444,381,1400,1223,158944,222440,180639,12.2,105267,56.3,43.7,4.6,56027,13.2,4
Onondaga,2019,9574,3217,415,785,171,1846,6357,835,1064,2306,2152,315878,457795,363257,11,208376,62.9,37.1,5.3,61359,12.3,3.7
Ontario,2019,2079,731,150,117,76,388,1348,291,301,321,435,77172,108596,87127,6.1,50857,61.2,38.8,3.5,64944,8,3.3
Orange,2019,7835,2184,480,385,212,1107,5651,1125,1210,1708,1608,242775,371460,279365,24.6,143252,69,31,4.3,79944,9.4,4.8
Orleans,2019,748,262,51,39,23,149,486,72,96,132,186,29499,38200,32827,6.1,18584,58.8,41.2,5.4,52620,12.1,5.1
Oswego,2019,2494,619,64,103,42,410,1875,230,279,826,540,80093,117628,93044,4,54511,59.7,40.3,6.9,55967,14.2,4.6
Otsego,2019,1024,278,37,58,37,146,746,89,153,232,272,39939,59306,50245,6.2,31232,51,49,5.8,54028,14.3,4.8
Putnam,2019,1193,255,50,24,54,127,938,212,382,90,254,70564,98320,78919,18.3,38620,69.4,30.6,4.6,104486,5.2,3.7
Queens,2019,35356,14422,1533,4731,228,7930,20934,1581,1270,6684,11399,1645396,2272058,1824373,55.7,859529,57.3,42.7,5.6,68666,11.3,9.5
Rensselaer,2019,3254,1115,192,215,70,638,2139,298,351,760,730,111735,157380,127857,7.8,73011,64.7,35.3,4.7,68991,10.1,3.7
Richmond,2019,7403,3075,424,795,77,1779,4328,574,554,1253,1947,330661,470833,370347,32.6,180325,68.4,31.6,4.6,82783,10.6,4.3
Rockland,2019,3085,930,144,236,77,473,2155,320,482,600,753,203591,322460,233447,39.5,106296,66.7,33.3,5.5,93024,9.9,5.6
St. Lawrence,2019,1819,610,149,92,45,324,1209,192,301,347,369,71657,105260,86650,7.1,53194,50.5,49.5,7.4,50940,15.5,6
Saratoga,2019,3276,904,143,128,108,525,2372,410,651,632,679,163010,225586,180366,6.4,106029,65.8,34.2,3.5,84291,5.6,3.3
Schenectady,2019,3406,1199,242,267,57,633,2207,201,277,785,944,106675,153085,121197,9.7,69615,62.4,37.6,6.6,65499,9.9,4.2
Schoharie,2019,321,87,11,14,20,42,234,18,53,43,120,22309,31148,25675,4.7,17488,55.3,44.7,5.4,57714,11.1,3.8
Schuyler,2019,263,78,8,13,11,46,185,27,55,41,62,13229,17793,14466,3.3,9795,49.5,50.5,5.6,52327,13.9,5.5
Seneca,2019,630,239,36,22,32,149,391,41,68,130,152,24710,31683,27511,7.3,16361,54.8,45.2,3.6,54545,11.6,8.3
Steuben,2019,1928,703,221,96,69,317,1225,234,279,319,393,68086,95301,75496,5.1,49585,50.2,49.8,6.3,53663,12.1,5.5
Suffolk,2019,18783,4488,818,820,419,2431,14295,3463,2474,4059,4299,1030842,1471674,1164695,22.7,575960,66.7,33.3,4.2,101031,6.3,4.7
Sullivan,2019,1857,577,91,118,55,313,1280,337,243,337,363,53086,72998,59151,15.7,50715,52.3,47.7,7.5,57426,12.8,5.6
Tioga,2019,605,183,44,42,19,78,422,91,81,72,178,34696,48307,38402,2.5,22527,52.5,47.5,6.1,62999,9.5,4.2
Tompkins,2019,1108,267,30,50,30,157,841,91,144,363,243,59774,101802,87374,15,43471,59,41,3.8,60240,19.9,3.4
Ulster,2019,3428,975,155,159,115,546,2453,397,676,557,823,130190,174315,146609,11.1,85139,57.8,42.2,5.1,64304,13,5.4
Warren,2019,1375,357,79,59,48,171,1018,189,234,285,310,47833,63639,52399,5.1,39952,60.2,39.8,4,61024,9.1,3.9
Washington,2019,1099,329,50,52,33,194,770,183,146,126,315,44992,58570,49851,5.2,29487,54.9,45.1,4.8,57258,10.3,5.5
Wayne,2019,1242,377,50,77,41,209,865,55,179,293,338,63914,89743,71002,5.2,41756,62.1,37.9,5.1,59449,10.1,4.2
Westchester,2019,12961,4189,712,912,215,2350,8772,1555,1736,2078,3403,668290,956650,753680,33.5,374923,64.7,35.3,5.4,96610,8.4,5.8
Wyoming,2019,710,240,27,35,64,114,470,73,206,72,119,29033,37846,32281,4.1,18208,58.6,41.4,5.6,58052,9.7,4.2
Yates,2019,273,67,6,10,6,45,206,29,58,26,93,16673,24685,19433,15.2,13870,51.2,48.8,4.1,56563,10,17.6
Albany,2020,4341,1864,259,468,91,1046,2477,350,424,829,874,205082,302256,249413,86.2,142246,62.6,37.4,4.6,68327,11.3,3
Allegany,2020,596,221,20,87,20,94,375,34,97,84,160,29906,45818,37074,95.4,26376,45.6,54.4,5.2,51227,13.8,6.1
Bronx,2020,28006,11728,1611,5550,74,4493,16278,1935,377,3232,10734,930184,1405816,1071762,41.6,533434,58.3,41.7,10.1,41895,23.7,8
Broome,2020,4208,1333,219,362,43,709,2875,504,229,1238,904,127556,189334,154827,90.8,91155,53.8,46.2,7.6,52237,16.9,3.9
Cattaraugus,2020,1429,513,93,88,41,291,916,185,187,218,326,52725,75978,59662,95.8,41681,49.2,50.8,5.6,50700,14.7,6.3
Cayuga,2020,1157,387,29,87,21,250,770,53,104,249,364,55612,73371,61784,96.3,37131,54.8,45.2,4.8,57985,11,4.3
Chautauqua,2020,3367,1084,115,247,57,665,2283,315,341,750,877,89393,125326,101581,92,67656,51.7,48.3,5.5,48315,15.4,5.4
Chemung,2020,1948,531,89,122,37,283,1417,375,136,504,402,59312,80900,66099,95.5,38983,53.5,46.5,5.9,54883,12.8,4.5
Chenango,2020,806,226,26,48,10,142,580,103,69,157,251,34132,46940,37662,96.7,25818,46.3,53.7,6.5,51756,12.2,3.4
Clinton,2020,1413,407,81,58,37,231,1006,84,177,438,307,55208,75649,65821,94.1,36723,53.6,46.4,4.5,59510,11.6,3.4
Columbia,2020,925,318,93,63,36,126,607,149,172,89,197,45705,58364,49639,92.7,33622,54.4,45.6,5.7,68750,9.2,4.6
Cortland,2020,823,307,17,88,27,175,516,83,88,147,198,29953,47081,38538,95.7,20806,54.9,45.1,5.6,59194,13.5,3.4
Delaware,2020,629,195,34,29,20,112,434,70,107,80,177,32831,44245,37200,93.8,31624,43.8,56.2,4.3,49945,13.8,5.7
Dutchess,2020,3310,966,135,198,96,537,2344,222,642,772,708,206608,285062,237974,84.7,121161,63.1,36.9,5,81842,8.4,4.5
Erie,2020,11513,4308,529,1281,212,2286,7205,1162,1086,2290,2667,647994,907644,731690,89.2,429708,60,40,4.8,59464,12.2,3.1
Essex,2020,523,179,25,28,22,104,344,31,117,67,129,28740,34960,31279,93.8,26390,49.2,50.8,4.7,58109,9.4,3.5
Franklin,2020,899,295,90,47,17,141,604,96,92,184,232,35561,45876,40636,92,25835,48.2,51.8,7,52905,15.1,6.5
Fulton,2020,694,232,16,45,17,154,462,49,92,145,176,38599,52689,42628,97.5,29148,51.6,48.4,4,51663,13.1,3.9
Genesee,2020,835,287,29,61,35,162,548,55,132,129,232,41355,57049,45876,96.4,25826,59.7,40.3,4,60635,10.1,3.2
Greene,2020,1061,333,77,43,45,168,728,184,251,134,159,35517,44421,39505,92.5,29746,51.8,48.2,3.7,56681,10.9,3.7
Hamilton,2020,38,9,3,1,2,3,29,2,14,1,12,3485,4435,3851,97,8964,47.4,52.6,2.1,60625,8.9,6.9
Herkimer,2020,766,175,7,30,23,115,591,67,139,186,199,43732,61125,48969,94,33850,50.2,49.8,6.1,58438,11.8,4.4
Jefferson,2020,1984,606,108,101,39,358,1378,122,196,604,456,70896,98777,74593,91.5,60119,56.6,43.4,5.8,54726,12.4,4.8
Kings,2020,32200,16996,1546,7095,126,8229,15204,1558,605,4310,8731,1780524,2562576,1987711,55.5,1055660,60.7,39.3,6.5,63973,17.1,6.7
Lewis,2020,261,84,23,18,6,37,177,29,61,30,57,18375,26127,20245,97,15766,50.4,49.6,4.9,56192,11,4.6
Livingston,2020,806,262,30,48,35,149,544,39,162,119,224,42562,60803,51997,92.9,27601,59.8,40.2,4,60248,11.6,3.1
Madison,2020,1017,279,24,55,21,179,738,95,93,278,272,48061,70492,57330,95.6,32381,57.9,42.1,3.9,61176,8.2,4
Monroe,2020,9885,3775,473,1124,306,1872,6110,246,995,2488,2381,514795,735790,588234,86.2,329105,64.7,35.3,5.3,62087,12.2,3.2
Montgomery,2020,998,301,36,64,21,180,697,109,84,242,262,34193,48519,37943,86.2,23529,50.4,49.6,6,50146,14.5,5.7
Nassau,2020,10376,4023,494,1096,185,2248,6353,1363,1212,1439,2339,945100,1346127,1062724,71.2,473238,63.3,36.7,4.1,120036,5.2,4.1
New York,2020,27916,12137,1018,4093,31,6995,15779,2433,335,5655,7356,13649157,19276809,15420195,69.7,8362971,59.9,40.1,5.7,71117,12.2,5.4
New York,2020,27916,12137,1018,4093,31,6995,15779,2433,335,5655,7356,13649157,19276809,15420195,69.7,8362971,59.9,40.1,5.7,89812,14.8,4.7
New York,2020,27916,12137,1018,4093,31,6995,15779,2433,335,5655,7356,13649157,19276809,15420195,69.7,884828,49.9,50.1,5.7,71117,12.2,5.4
New York,2020,27916,12137,1018,4093,31,6995,15779,2433,335,5655,7356,13649157,19276809,15420195,69.7,884828,49.9,50.1,5.7,89812,14.8,4.7
New York,2020,27916,12137,1018,4093,31,6995,15779,2433,335,5655,7356,1250303,1618383,1395577,61.2,8362971,59.9,40.1,5.7,71117,12.2,5.4
New York,2020,27916,12137,1018,4093,31,6995,15779,2433,335,5655,7356,1250303,1618383,1395577,61.2,8362971,59.9,40.1,5.7,89812,14.8,4.7
New York,2020,27916,12137,1018,4093,31,6995,15779,2433,335,5655,7356,1250303,1618383,1395577,61.2,884828,49.9,50.1,5.7,71117,12.2,5.4
New York,2020,27916,12137,1018,4093,31,6995,15779,2433,335,5655,7356,1250303,1618383,1395577,61.2,884828,49.9,50.1,5.7,89812,14.8,4.7
Niagara,2020,3852,1228,104,350,69,705,2624,238,443,957,986,150950,208108,167812,95.2,100539,55.8,44.2,5.2,57252,11.4,3.1
Oneida,2020,3274,736,32,217,50,437,2538,172,304,1145,917,158727,221504,179906,87.2,105459,54.8,45.2,4.4,59113,12.4,3.8
Onondaga,2020,8011,3052,261,960,135,1696,4959,509,789,1886,1775,316302,456605,362780,89.1,209068,62.3,37.7,5.7,62668,11.8,3.5
Ontario,2020,1497,502,51,83,68,300,995,149,159,342,345,77782,108839,87627,94.1,51213,59.4,40.6,3.6,64795,8.4,3.3
Orange,2020,5772,1707,424,315,207,761,4065,670,1036,1250,1109,244598,373387,281064,75.1,144264,67.8,32.2,4.8,80816,9.6,4.8
Orleans,2020,473,172,18,35,18,101,301,19,43,100,139,29626,37972,32760,93.9,18576,57.4,42.6,6,52958,12.3,5
Oswego,2020,2183,622,57,142,42,381,1561,198,216,625,522,80077,116893,92662,96.3,54622,58.7,41.3,6.6,59070,14,4.2
Otsego,2020,714,240,13,67,17,143,474,67,86,117,204,40044,58850,49981,94,31300,51.2,48.8,5.7,56171,12.3,5.2
Putnam,2020,989,216,77,32,30,77,773,140,367,74,192,70813,98295,79123,80.2,38652,69.7,30.3,4.6,107246,5.6,4.1
Queens,2020,24862,11659,924,4607,132,5996,13203,981,752,3516,7954,1640266,2255744,1813076,44.8,864790,56.4,43.6,6,72028,10.9,8.9
Rensselaer,2020,2322,860,130,221,33,476,1462,140,194,613,515,112000,157175,127666,92.4,73251,62.8,37.3,5.1,72510,9.4,3.7
Richmond,2020,5343,2524,235,769,56,1464,2819,289,224,812,1494,332149,471599,371303,66.5,180883,66.6,33.4,4.9,85381,9.8,4.1
Rockland,2020,2225,805,107,241,53,404,1420,134,365,318,603,203609,323267,233121,58.6,106621,65.1,34.9,5.4,94840,10,4.7
St. Lawrence,2020,1595,572,144,91,27,310,1023,181,191,329,322,71681,104759,86567,92.6,53328,51.3,48.7,6.8,52071,15,5.8
Saratoga,2020,2923,988,150,167,100,571,1935,359,423,539,614,164817,226777,182200,93.2,107192,64.3,35.7,3.2,85224,5.9,2.8
Schenectady,2020,2715,845,63,214,34,534,1870,116,201,716,837,107534,153290,121385,91.3,69885,63.7,36.3,7,66488,10,3.8
Schoharie,2020,370,68,9,11,10,38,302,23,41,117,121,22383,31113,25663,94.5,17533,54.9,45.1,5.3,58926,11.1,4.2
Schuyler,2020,197,76,8,12,6,50,121,12,24,46,39,13219,17695,14387,96.7,9852,46.6,53.4,5.7,53291,13.1,4.3
Seneca,2020,545,187,23,18,31,115,358,42,76,100,140,24681,31560,27437,92.1,16409,55,45,3.8,54865,11.9,8.4
Steuben,2020,1679,624,169,104,56,295,1055,192,183,325,355,67942,94742,75143,94.5,49688,50.9,49.1,5.7,55349,10.9,5.4
Suffolk,2020,12387,3563,634,743,297,1889,8824,1898,1563,2449,2914,1033886,1470116,1166779,77.5,576804,64.5,35.5,4.5,105362,6.1,4.2
Sullivan,2020,1353,465,89,86,43,247,888,246,175,256,211,53315,73222,59291,84.2,50966,50,50,7.3,60433,11.9,5.7
Tioga,2020,403,133,11,29,7,86,270,38,29,84,119,34722,48048,38323,97.3,22571,50.2,49.8,5.7,61965,9.4,3.1
Tompkins,2020,825,209,21,47,13,128,616,58,84,265,209,60001,101394,87168,84.6,44019,59,41,4.1,61361,18.4,3.6
Ulster,2020,2888,938,200,149,123,466,1950,342,500,513,595,130502,174060,146747,89.3,85372,57.8,42.2,5.4,65306,13.1,5.4
Warren,2020,1290,383,87,55,24,217,907,228,158,262,259,48041,63470,52435,95.9,40119,61.2,38.8,4.1,64658,8.2,4.2
Washington,2020,956,273,46,37,22,168,683,161,135,108,279,44788,58257,49723,95,29562,55.8,44.2,5.6,59613,10.3,4.9
Wayne,2020,1282,455,37,86,56,276,827,60,148,287,332,63950,89334,70762,94.7,41792,61.8,38.2,3.7,62003,10,4.9
Westchester,2020,9670,3137,475,878,151,1633,6533,852,1067,1877,2737,670717,956450,755743,66.3,376315,63.6,36.4,5.7,99489,8,5.5
Wyoming,2020,683,225,28,42,37,118,458,78,187,78,115,29401,37690,32406,96.5,18297,55.5,44.5,4.7,58746,8.2,4.1
Yates,2020,216,64,7,15,13,29,152,18,34,30,70,16635,24661,19331,86.3,13919,50.5,49.5,3.8,55307,10.6,16.7
Albany,2021,4932,2069,267,537,85,1180,2863,250,491,981,1141,211245,310934,256417,86.3,145388,62.7,37.3,4.9,73810,11,3
Allegany,2021,719,238,27,62,19,130,481,52,88,119,222,30019,46170,37119,95.3,23797,43.3,56.7,6.7,54375,13.6,6.1
Bronx,2021,29390,12816,1592,5890,76,5258,16574,1294,398,3429,11453,959432,1447001,1101619,41.8,543402,57.9,42.1,11.2,43726,23.5,7.8
Broome,2021,4196,1508,192,400,44,872,2688,436,275,1060,917,131719,195882,159769,90.3,92257,53.5,46.5,7.5,53982,17.3,3.9
Cattaraugus,2021,1746,529,81,120,46,282,1217,158,248,328,483,53033,76414,59948,95.7,40309,46.5,53.5,6,53537,15.1,6.3
Cayuga,2021,1174,410,50,95,24,241,764,52,124,253,335,55644,72904,61488,96.1,36652,55.3,44.7,4.5,59602,12.1,4.2
Chautauqua,2021,3598,1125,128,233,58,706,2473,405,420,648,1000,89632,125889,101789,91.9,66370,51.1,48.9,5.4,50408,15.5,5.2
Chemung,2021,1955,580,77,167,43,293,1375,311,135,457,472,59612,81281,66283,95.9,38891,52.5,47.5,6.1,58175,13.1,4.3
Chenango,2021,762,244,45,51,9,139,518,118,70,129,201,34016,46831,37481,96.8,24317,46.8,53.2,7,55690,11.2,3.3
Clinton,2021,1200,369,59,81,46,183,831,57,196,294,284,55169,75486,65500,94.2,37191,54.5,45.5,4.3,62470,11.7,3.2
Columbia,2021,855,277,61,64,24,128,578,95,207,95,181,47055,59960,51043,92.4,33222,54.5,45.5,5.9,73065,8.9,4.2
Cortland,2021,908,280,27,48,29,176,628,92,120,186,230,29478,46499,37905,95.4,20798,54.3,45.7,5.9,62163,12.5,3.5
Delaware,2021,711,254,25,53,27,149,457,66,114,106,171,33007,44223,37225,94,30119,43.6,56.4,4.7,52757,13.4,4.9
Dutchess,2021,3305,1038,158,217,119,544,2267,196,673,672,726,208945,287557,240029,84.8,121674,63.3,36.7,5.2,87112,8.3,4.4
Erie,2021,11946,4611,625,1425,230,2331,7335,1036,1298,2376,2625,670059,940342,755407,89.2,436986,59.5,40.5,5.1,62578,12.2,2.9
Essex,2021,518,166,24,27,18,97,352,38,104,77,133,28937,35217,31455,93.7,25213,51.2,48.8,5.4,61563,9,4.2
Franklin,2021,964,304,70,52,16,166,660,129,89,208,234,34305,43856,38703,92.8,25330,49.6,50.4,6.6,55279,16.1,6.7
Fulton,2021,858,307,17,67,22,201,551,82,127,116,226,38825,52809,42654,97.4,28190,52.4,47.6,5.1,55240,13.3,4.1
Genesee,2021,1056,378,34,98,37,209,678,81,153,180,264,41830,57872,46377,96.5,25954,58.4,41.6,4.9,63734,10.2,3.2
Greene,2021,1281,428,128,56,46,198,853,218,289,146,200,36124,45054,40094,92.5,28997,52.2,47.8,3.7,62810,9.7,4
Hamilton,2021,42,14,0,4,3,7,28,2,14,4,8,3985,5051,4355,98.5,7965,48.1,51.9,2.7,62841,10.3,4.7
Herkimer,2021,865,252,10,58,29,155,613,70,128,201,214,43007,60008,47980,94.4,32485,49.5,50.5,5.4,60561,11.3,4.7
Jefferson,2021,1804,563,92,99,47,325,1241,100,264,432,445,74808,103851,77873,91.6,61339,57.8,42.2,6,58271,11.6,4.9
Kings,2021,34593,17671,1393,7259,160,8859,16922,1242,605,4585,10490,1876692,2697648,2089455,55.7,1067820,60.3,39.7,7.1,67753,16.7,6.6
Lewis,2021,277,93,12,23,9,49,184,27,66,34,57,18551,26402,20370,97.3,15474,49.8,50.2,5,60049,9.9,4.9
Livingston,2021,920,344,63,44,34,203,576,95,181,82,218,42037,60007,51133,92.7,27102,59.2,40.8,4.8,64467,10.9,3.1
Madison,2021,1071,328,25,62,19,222,743,98,117,267,261,46541,67912,55278,95.8,30726,57.8,42.2,4.2,63312,8.6,3.8
Monroe,2021,8893,3189,302,1041,271,1575,5704,211,1013,2320,2160,525462,750135,599099,86.6,334821,64.4,35.6,5.3,66317,11.9,3.2
Montgomery,2021,1069,343,49,69,25,200,726,100,134,213,279,34244,48794,38019,87.5,22905,51.3,48.7,6.4,53533,13.9,6.1
Nassau,2021,12234,4885,696,1167,179,2843,7349,1465,1130,1590,3164,970356,1382274,1089143,71.2,475728,63.3,36.7,4.5,126576,5.3,4.1
New York,2021,33128,13997,1348,5076,41,7532,19131,2758,314,6748,9311,14081080,19878007,15872052,69.5,8449178,59.6,40.4,6.2,75157,12.1,5.3
New York,2021,33128,13997,1348,5076,41,7532,19131,2758,314,6748,9311,14081080,19878007,15872052,69.5,8449178,59.6,40.4,6.6,93956,14.8,4.7
New York,2021,33128,13997,1348,5076,41,7532,19131,2758,314,6748,9311,14081080,19878007,15872052,69.5,907018,48.6,51.4,6.2,75157,12.1,5.3
New York,2021,33128,13997,1348,5076,41,7532,19131,2758,314,6748,9311,14081080,19878007,15872052,69.5,907018,48.6,51.4,6.6,93956,14.8,4.7
New York,2021,33128,13997,1348,5076,41,7532,19131,2758,314,6748,9311,1280680,1658828,1426919,61.7,8449178,59.6,40.4,6.2,75157,12.1,5.3
New York,2021,33128,13997,1348,5076,41,7532,19131,2758,314,6748,9311,1280680,1658828,1426919,61.7,8449178,59.6,40.4,6.6,93956,14.8,4.7
New York,2021,33128,13997,1348,5076,41,7532,19131,2758,314,6748,9311,1280680,1658828,1426919,61.7,907018,48.6,51.4,6.2,75157,12.1,5.3
New York,2021,33128,13997,1348,5076,41,7532,19131,2758,314,6748,9311,1280680,1658828,1426919,61.7,907018,48.6,51.4,6.6,93956,14.8,4.7
Niagara,2021,3717,1212,102,331,88,691,2505,229,598,666,1012,152677,210778,169674,95.4,100117,55.9,44.1,5.8,60834,11.3,2.7
Oneida,2021,4204,1068,89,282,43,654,3136,206,366,1417,1147,160555,224752,181872,86.9,104847,53.9,46.1,4.7,61733,12.6,3.9
Onondaga,2021,8538,3194,243,967,139,1845,5344,514,811,2029,1990,325273,469638,372536,89.4,210851,62.4,37.6,5.9,66012,11.7,3.4
Ontario,2021,1397,514,50,84,69,311,883,71,222,247,343,79559,111124,89508,93.6,52193,59.6,40.4,4,70694,8.1,3.4
Orange,2021,5945,1669,310,311,235,813,4276,566,1244,1287,1179,254625,389172,292063,74.2,145947,67.5,32.5,5.4,85640,9.7,4.7
Orleans,2021,478,177,19,46,15,97,301,20,63,81,137,29710,38049,32761,93.9,18237,58.3,41.7,6.4,54882,12.6,4.7
Oswego,2021,2388,654,73,126,45,410,1734,198,285,643,608,80360,117235,92947,96.2,54449,58.4,41.6,7.1,61983,13.6,4.2
Otsego,2021,769,220,14,57,16,133,549,67,130,122,230,39686,58223,49423,94,30014,50.5,49.5,5.7,60523,11.4,5
Putnam,2021,908,243,66,41,37,99,665,116,267,82,200,70537,97569,78563,79.8,38313,67.9,32.1,4.8,111617,6,4.1
Queens,2021,27347,12893,896,4984,129,6884,14454,764,783,3548,9359,1730502,2378283,1908353,44.8,889744,56.2,43.8,7,75886,10.7,8.9
Rensselaer,2021,2317,868,100,224,37,507,1449,104,225,500,620,113700,159320,129344,92.2,73998,63.2,36.8,5.4,76731,10,3.4
Richmond,2021,6011,2730,288,815,37,1590,3281,422,235,818,1806,344389,489360,384557,66.1,183011,66.3,33.7,5.5,89427,9.4,4.1
Rockland,2021,2379,860,73,275,45,467,1519,124,326,357,712,209115,334564,239336,57.4,107709,63.7,36.3,6,99707,10.3,4.3
St. Lawrence,2021,1771,553,133,104,35,281,1218,293,256,311,358,71971,105259,86713,92.9,51757,50.4,49.6,6.3,54351,14.6,5.6
Saratoga,2021,3007,921,119,174,77,551,2086,258,503,591,734,169377,232899,187188,93.3,109066,64.6,35.4,3.6,90800,6.2,2.7
Schenectady,2021,2944,1023,120,211,45,647,1921,121,202,750,848,109234,155734,123008,91,70628,63,37,6.9,69891,10.7,3.9
Schoharie,2021,370,100,17,21,15,47,270,28,60,88,94,21494,29867,24588,94.5,16540,52.5,47.5,5.8,64220,11.6,4
Schuyler,2021,272,105,13,10,11,71,167,28,43,45,51,13296,17793,14434,96.8,9630,46.9,53.1,5.7,56437,13.6,4.6
Seneca,2021,593,219,15,27,25,152,374,32,87,127,128,24507,31302,27088,92.6,16132,56.9,43.1,3.7,59086,12.1,8.9
Steuben,2021,1928,697,188,136,44,329,1231,262,248,322,399,66770,93084,73697,94.3,47551,50.3,49.7,6.3,58652,11.5,5.5
Suffolk,2021,11928,3571,569,813,333,1856,8357,1308,1923,1881,3245,1064835,1512080,1199918,77.6,578345,63.8,36.2,4.8,111660,6.2,4.2
Sullivan,2021,1568,528,92,116,59,261,1040,241,254,286,259,55324,74579,61508,83.1,49231,49,51,8,63393,11.6,5.4
Tioga,2021,495,168,27,44,11,86,327,65,44,73,145,34740,48187,38426,97.5,21897,50.6,49.4,5.9,64987,9,3.1
Tompkins,2021,889,238,15,70,14,139,651,44,84,282,241,62148,104794,90405,84,46046,58.2,41.8,4.7,64260,17.8,3.6
Ulster,2021,3121,978,185,149,116,528,2143,319,667,449,708,133449,177553,149670,89.4,85639,56.9,43.1,5.1,71040,12.6,5.4
Warren,2021,1459,423,61,51,36,275,1036,150,158,377,351,49287,64970,53606,96,39902,59.9,40.1,4.2,68765,8,4
Washington,2021,843,249,24,39,18,168,594,103,115,110,266,45104,58359,49835,94.9,29029,56.9,43.1,5.7,63869,10.9,5.2
Wayne,2021,1146,375,13,85,44,233,771,67,144,246,314,65000,90549,71627,94.7,42153,60.9,39.1,4.1,64152,10.2,5.2
Westchester,2021,9356,2997,312,850,225,1610,6359,623,1458,1524,2754,693253,987382,779843,66.1,386583,62.8,37.2,6.1,105387,7.8,5.1
Wyoming,2021,612,224,27,60,36,101,388,52,147,61,128,29604,37991,32494,96.7,18075,55.1,44.9,4.1,60013,8.8,3.8
Yates,2021,258,93,15,6,12,60,165,10,49,30,76,16550,24467,19138,85.2,13104,52,48,3.2,57635,10.5,17.3
Albany,2022,5304,2237,264,616,101,1256,3067,236,561,1046,1224,211845,311626,257724,86.1,146137,61.6,38.4,5.2,78829,11.8,3
Allegany,2022,680,232,11,69,12,140,448,31,103,123,191,29967,46759,37946,95.3,23636,42.3,57.7,7.3,58725,15,5.3
Bronx,2022,37183,15611,1407,7310,73,6821,21572,1579,448,5810,13735,943981,1425336,1086468,42,547816,56.7,43.3,11.2,47036,24.3,7.6
Broome,2022,4497,1507,152,389,45,921,2990,386,313,1294,997,131196,195765,160441,90.1,92596,53.4,46.6,6.9,58317,17.6,3.8
Cattaraugus,2022,1606,523,52,108,39,324,1083,111,173,415,384,53128,76281,60069,95.3,40254,45.6,54.4,5.4,56889,15.5,6.6
Cayuga,2022,1249,395,39,62,32,262,854,42,143,310,359,55374,73224,61321,96,36701,54.4,45.6,4.3,63227,12.4,4.1
Chautauqua,2022,3637,1244,238,252,62,692,2393,337,335,787,934,89404,125655,101588,91.5,66350,51,49,5.4,54625,15.6,5.5
Chemung,2022,2111,656,97,165,31,363,1455,295,181,509,470,58945,81195,65927,95.3,39035,52,48,6.3,61358,13.9,4.3
Chenango,2022,786,260,27,58,15,160,526,94,56,178,198,33959,46571,37404,95.8,24384,47.3,52.7,7.1,61741,11.2,3.6
Clinton,2022,1344,378,50,77,42,209,966,91,172,381,322,55243,76204,65369,94.1,37309,53.8,46.2,4.7,67097,12.3,3.3
Columbia,2022,896,256,39,49,39,129,640,71,227,155,187,47307,60224,51356,91.9,33292,54.6,45.4,5.9,81741,9.6,3.9
Cortland,2022,1037,334,35,62,31,206,703,79,116,245,263,29274,46317,37876,94.8,20803,53.7,46.3,5.4,65029,13.2,3.7
Delaware,2022,573,190,9,53,17,111,383,36,81,99,167,33158,44260,37399,93.8,30092,44.4,55.6,6.1,58338,13.6,4.5
Dutchess,2022,3280,1005,137,218,111,539,2275,133,653,691,798,210886,289578,241151,85.2,122129,62.3,37.7,5,94578,8.5,4.3
Erie,2022,13470,5048,586,1496,224,2742,8422,913,1297,3035,3177,671368,943208,759330,89,438630,58.6,41.4,5,68014,12.4,2.9
Essex,2022,604,199,29,40,13,117,405,56,117,89,143,28930,35545,31398,93.6,25262,50.3,49.7,5.1,68090,10,4.1
Franklin,2022,1108,385,87,71,10,217,723,101,83,263,276,33832,44416,37802,93.1,25352,48.5,51.5,5.1,60270,15.2,6
Fulton,2022,792,288,27,75,14,172,504,80,104,113,207,38665,52559,42600,97.1,28164,52.8,47.2,4.3,60557,13.3,3.6
Genesee,2022,1222,444,37,86,43,278,778,72,162,262,282,41797,57666,46370,96.6,26039,58.4,41.6,4.7,68178,10.7,3.1
Greene,2022,1233,381,83,73,34,191,852,145,269,152,286,36429,45728,40255,92.4,29007,52,48,2.8,70294,10.3,3.5
Hamilton,2022,34,8,1,2,0,5,26,1,11,2,12,4107,5080,4422,98,7920,47.1,52.9,4.9,66891,10.7,4.7
Herkimer,2022,926,253,10,55,16,172,673,55,136,280,202,43013,59775,47941,94.8,32445,50,50,4.2,68104,10.9,4.7
Jefferson,2022,1693,555,62,106,19,368,1138,79,203,452,404,74585,104283,78300,91.1,61573,57.3,42.7,6.4,62782,11.7,5.4
Kings,2022,41512,20441,1427,8111,133,10770,21071,1425,648,6603,12395,1860601,2665912,2074273,55.8,1079551,59.8,40.2,7.3,74692,17,6.3
Lewis,2022,302,116,30,17,12,57,186,9,61,43,73,18480,26434,20484,97.4,15501,49.5,50.5,5.2,64401,11.4,4.3
Livingston,2022,935,327,51,36,32,208,608,108,153,126,221,41890,60384,50913,93.7,27150,57.9,42.1,4.7,70443,10.8,3.4
Madison,2022,1182,400,29,72,23,276,782,79,120,308,275,46161,67526,55152,95.7,30671,56.9,43.1,4.1,68869,8.8,3.3
Monroe,2022,9525,3657,304,1245,265,1843,5868,181,1003,2515,2169,525640,749922,601235,86.8,336324,63.1,36.9,5.3,71450,12,3.2
Montgomery,2022,1162,339,40,71,27,201,823,129,114,262,318,34309,48957,38227,87.8,22924,51.2,48.8,5.9,58033,13.2,5.6
Nassau,2022,13476,5174,876,1329,146,2823,8302,1557,1224,2178,3343,969981,1380687,1090909,70.6,476982,63.1,36.9,4.6,137709,5.2,4
New York,2022,37926,16366,1613,5736,57,8960,21560,2858,374,8063,10265,14021808,19789790,15840317,69.4,8494452,58.9,41.1,6.2,81386,12.4,5.2
New York,2022,37926,16366,1613,5736,57,8960,21560,2858,374,8063,10265,14021808,19789790,15840317,69.4,8494452,58.9,41.1,6.8,99880,15.1,4.6
New York,2022,37926,16366,1613,5736,57,8960,21560,2858,374,8063,10265,14021808,19789790,15840317,69.4,913058,48.9,51.1,6.2,81386,12.4,5.2
New York,2022,37926,16366,1613,5736,57,8960,21560,2858,374,8063,10265,14021808,19789790,15840317,69.4,913058,48.9,51.1,6.8,99880,15.1,4.6
New York,2022,37926,16366,1613,5736,57,8960,21560,2858,374,8063,10265,1267630,1637167,1409866,61.9,8494452,58.9,41.1,6.2,81386,12.4,5.2
New York,2022,37926,16366,1613,5736,57,8960,21560,2858,374,8063,10265,1267630,1637167,1409866,61.9,8494452,58.9,41.1,6.8,99880,15.1,4.6
New York,2022,37926,16366,1613,5736,57,8960,21560,2858,374,8063,10265,1267630,1637167,1409866,61.9,913058,48.9,51.1,6.2,81386,12.4,5.2
New York,2022,37926,16366,1613,5736,57,8960,21560,2858,374,8063,10265,1267630,1637167,1409866,61.9,913058,48.9,51.1,6.8,99880,15.1,4.6
Niagara,2022,3649,1330,168,337,76,749,2319,252,414,664,989,152567,210420,169858,94.8,100182,54.9,45.1,5.8,65882,11.6,2.3
Oneida,2022,4511,1102,79,272,31,720,3409,213,305,1600,1291,159897,224645,181304,86.6,105054,52.7,47.3,4.4,66402,12.8,3.4
Onondaga,2022,8506,3344,231,961,108,2044,5162,424,689,2105,1944,324436,468161,372768,89.2,211312,61.8,38.2,5.6,71479,11.9,3.5
Ontario,2022,1497,587,45,121,57,364,910,48,208,313,341,80008,111411,90313,93.7,52636,58.7,41.3,4,76603,8.5,3.3
Orange,2022,6026,1888,246,406,247,989,4138,445,1301,1129,1263,256375,393572,295830,73,147158,67,33,5.3,91806,10.8,4.9
Orleans,2022,553,196,12,51,9,124,357,11,75,113,158,29333,38241,32437,93.5,18244,57.2,42.8,6.1,61069,11.6,5.4
Oswego,2022,2528,750,75,168,46,461,1778,119,231,783,645,80294,117308,93461,96.2,54570,56.5,43.5,7.3,65054,14.1,4.2
Otsego,2022,836,255,21,69,10,155,581,57,104,180,240,39352,59041,50399,93.6,29965,50.9,49.1,5,65778,12.4,5.1
Putnam,2022,897,228,31,48,33,116,669,66,335,78,190,70716,97552,78870,79.2,38323,66.3,33.7,4.4,120970,6.5,3.5
Queens,2022,31382,15070,1057,5709,132,8172,16312,769,746,4288,10509,1709759,2347232,1890192,44.6,896825,55.4,44.6,7,82431,11,8.7
Rensselaer,2022,2397,903,80,235,32,556,1494,76,243,554,621,113385,159298,130043,92.4,74186,62.3,37.7,5.6,83734,10.2,3.1
Richmond,2022,6614,2918,280,965,33,1640,3696,451,198,994,2053,344639,489423,385802,65.2,183524,65.4,34.6,5.4,96185,9.5,3.9
Rockland,2022,2551,882,63,275,68,476,1669,110,488,393,678,208539,335633,240023,57,108165,62.8,37.2,6.2,106173,10.7,4.1
St. Lawrence,2022,1777,576,114,101,29,332,1201,178,239,385,399,71483,105895,86953,92.8,51780,48.8,51.2,6.3,58339,15.3,6
Saratoga,2022,3359,1104,172,187,105,640,2255,219,545,685,806,170815,234394,189551,93.2,110095,63.9,36.1,3.5,97038,6.4,2.8
Schenectady,2022,2946,1066,60,272,43,691,1880,70,184,751,875,109680,157890,125190,91.3,70843,63,37,6,75056,10.6,3.9
Schoharie,2022,348,104,11,14,13,66,244,21,41,72,110,21509,29887,24735,94.1,16517,51.2,48.8,5.3,71479,10,4.2
Schuyler,2022,339,132,16,18,6,92,207,34,54,65,54,13283,17751,14440,96.8,9671,46.9,53.1,5.7,61316,13.8,4.4
Seneca,2022,612,227,23,37,18,149,385,25,81,131,148,24400,31776,26908,92.7,16116,56.7,43.3,4.5,64050,12.5,8.6
Steuben,2022,1883,733,109,144,44,436,1150,142,189,356,463,66493,92649,73529,94.5,47507,49.9,50.1,6.3,62506,12.2,5
Suffolk,2022,13072,3523,645,837,325,1716,9549,1270,2065,2552,3662,1067104,1514839,1206949,76.9,578977,63.2,36.8,4.8,122498,6.2,4.4
Sullivan,2022,1528,578,68,122,50,338,950,140,273,286,251,55556,76047,62192,80.5,49390,48.8,51.2,7.2,67841,12.7,5.6
Tioga,2022,565,179,14,45,13,107,386,79,58,82,167,34747,47997,38500,97.4,21909,49.9,50.1,5.6,70427,9.8,3.4
Tompkins,2022,1211,449,16,118,17,298,762,50,125,300,287,61156,101829,87629,84,46728,55.5,44.5,4.7,69995,16.9,3.3
Ulster,2022,3234,1090,166,202,142,580,2144,227,825,386,706,134090,178527,150574,88.5,85916,56.7,43.3,5.1,77197,14.5,6.2
Warren,2022,1635,484,71,58,38,317,1151,160,162,416,413,49282,64986,53879,96.3,40039,59.3,40.7,4.2,74531,8.7,3.8
Washington,2022,850,319,24,63,21,211,531,44,79,121,287,45270,58747,49951,94.6,29063,56.6,43.4,5.1,68703,10.8,5.5
Wayne,2022,1160,360,9,62,40,249,800,27,137,358,278,65234,90646,71956,94.7,42274,61,39,4.3,71007,10.2,5.8
Westchester,2022,10444,3621,323,1007,225,2066,6823,473,1515,1783,3052,695064,987426,782986,65.8,389146,62.3,37.7,6,114651,8.2,4.9
Wyoming,2022,628,257,31,59,34,133,371,46,113,59,153,29511,37905,32327,96.9,18137,51.8,48.2,4.1,65066,9.9,4.3
Yates,2022,229,87,6,13,9,59,142,8,25,27,82,16746,24418,19252,83.2,13113,50.9,49.1,3.2,63974,11.6,17.6
