County,Year,Total,Felony Total,Drug Felony,Violent Felony,DWI Felony,Other Felony,Misdemeanor Total,Drug Misdemeanor,DWI Misdemeanor,Property Misdemeanor,Other Misdemeanor
Albany,2015,7412,2590,509,533,161,1387,4822,692,1173,1531,1426
Allegany,2015,792,209,33,39,38,99,583,43,136,161,243
Bronx,2015,59576,16121,4333,5623,156,6009,43455,10988,921,14389,17157
Broome,2015,4968,1532,216,389,91,836,3436,566,336,1431,1103
Cattaraugus,2015,1516,439,103,86,47,203,1077,78,274,313,412
Cayuga,2015,1327,431,68,57,27,279,896,85,193,308,310
Chautauqua,2015,3262,889,180,189,90,430,2373,247,503,739,884
Chemung,2015,1903,482,94,80,55,253,1421,208,217,528,468
Chenango,2015,778,245,51,34,18,142,533,58,105,179,191
Clinton,2015,1942,516,113,85,53,265,1426,129,345,530,422
Columbia,2015,1082,264,43,45,38,138,818,137,153,232,296
Cortland,2015,1335,372,61,67,31,213,963,113,149,336,365
Delaware,2015,892,221,32,39,28,122,671,64,144,193,270
Dutchess,2015,4683,1411,182,287,160,782,3272,450,913,938,971
Erie,2015,21815,6367,869,1840,364,3294,15448,3386,1974,4693,5395
Essex,2015,615,182,36,26,19,101,433,46,133,80,174
Franklin,2015,1121,323,56,47,40,180,798,48,193,238,319
Fulton,2015,1185,376,42,66,41,227,809,60,186,259,304
Genesee,2015,1395,401,45,73,41,242,994,114,209,315,356
Greene,2015,1275,350,76,47,44,183,925,142,313,205,265
Hamilton,2015,63,13,2,1,2,8,50,3,19,11,17
Herkimer,2015,1179,303,39,46,43,175,876,76,190,286,324
Jefferson,2015,2465,616,110,100,45,361,1849,117,342,772,618
Kings,2015,68195,23876,3936,7266,236,12438,44319,10520,1556,16314,15929
Lewis,2015,316,100,24,22,14,40,216,17,51,56,92
Livingston,2015,1290,407,60,65,52,230,883,158,225,197,303
Madison,2015,1163,312,45,47,37,183,851,79,171,266,335
Monroe,2015,14503,4356,529,1064,428,2335,10147,769,1893,4111,3374
Montgomery,2015,1126,321,56,60,28,177,805,70,124,307,304
Nassau,2015,15827,4944,811,1176,291,2666,10883,2794,2095,2899,3095
New York,2015,67721,17493,3924,3838,103,9628,50228,11103,1528,24088,13509
Niagara,2015,4815,1417,220,372,107,718,3398,352,607,1111,1328
Oneida,2015,5173,1217,264,240,85,628,3956,463,509,1614,1370
Onondaga,2015,10331,3436,557,832,172,1875,6895,1149,956,2697,2093
Ontario,2015,1875,581,74,101,81,325,1294,108,359,400,427
Orange,2015,8602,2343,502,481,234,1126,6259,1319,1112,1926,1902
Orleans,2015,704,241,40,39,20,142,463,45,99,140,179
Oswego,2015,2722,821,157,187,55,422,1901,195,371,685,650
Otsego,2015,1158,320,55,53,37,175,838,89,205,277,267
Putnam,2015,1143,272,66,48,42,116,871,177,341,116,237
Queens,2015,50816,17918,2211,5120,268,10319,32898,5795,1952,10705,14446
Rensselaer,2015,3300,1057,147,214,68,628,2243,248,452,703,840
Richmond,2015,9167,3175,709,924,76,1466,5992,1508,546,1614,2324
Rockland,2015,3737,1150,150,260,99,641,2587,371,707,668,841
St. Lawrence,2015,2215,646,160,103,43,340,1569,196,325,453,595
Saratoga,2015,3723,927,125,143,119,540,2796,303,713,872,908
Schenectady,2015,4109,1325,293,272,50,710,2784,284,273,1067,1160
Schoharie,2015,529,120,8,14,15,83,409,18,126,137,128
Schuyler,2015,322,98,21,11,16,50,224,18,55,70,81
Seneca,2015,710,223,29,31,40,123,487,40,122,161,164
Steuben,2015,2126,641,119,97,75,350,1485,181,312,463,529
Suffolk,2015,21689,5135,775,983,564,2813,16554,4308,3186,4388,4672
Sullivan,2015,1866,506,81,102,43,280,1360,264,292,376,428
Tioga,2015,645,183,35,29,25,94,462,70,103,82,207
Tompkins,2015,1588,374,60,64,46,204,1214,107,260,492,355
Ulster,2015,4220,1031,190,166,132,543,3189,494,772,870,1053
Warren,2015,1662,465,69,69,55,272,1197,122,258,387,430
Washington,2015,1203,334,55,52,40,187,869,127,212,167,363
Wayne,2015,1492,469,68,82,67,252,1023,82,230,296,415
Westchester,2015,13195,3986,752,987,220,2027,9209,1783,1464,2440,3522
Wyoming,2015,660,220,42,37,27,114,440,44,113,81,202
Yates,2015,349,96,19,7,19,51,253,21,62,64,106
Albany,2016,7680,2830,622,521,161,1526,4850,720,1076,1622,1432
Allegany,2016,930,296,44,50,36,166,634,48,190,130,266
Bronx,2016,56288,17087,4472,5914,132,6569,39201,9119,1071,12482,16529
Broome,2016,5210,1607,240,381,84,902,3603,775,344,1261,1223
Cattaraugus,2016,1507,436,109,73,64,190,1071,74,293,351,353
Cayuga,2016,1292,405,50,91,38,226,887,74,173,284,356
Chautauqua,2016,3273,907,197,154,83,473,2366,328,511,687,840
Chemung,2016,1987,453,87,99,51,216,1534,230,233,651,420
Chenango,2016,805,235,41,55,12,127,570,55,97,220,198
Clinton,2016,1891,503,108,72,47,276,1388,173,381,420,414
Columbia,2016,1048,273,32,59,38,144,775,153,155,199,268
Cortland,2016,1300,411,96,74,38,203,889,118,131,334,306
Delaware,2016,942,335,94,50,20,171,607,85,144,120,258
Dutchess,2016,4887,1477,232,237,181,827,3410,552,948,929,981
Erie,2016,21336,6452,1001,1849,309,3293,14884,3114,1960,4761,5049
Essex,2016,693,204,40,29,22,113,489,60,148,87,194
Franklin,2016,1168,356,99,49,31,177,812,80,167,242,323
Fulton,2016,1050,344,53,65,31,195,706,53,155,223,275
Genesee,2016,1250,423,58,63,33,269,827,97,189,263,278
Greene,2016,1236,321,63,49,38,171,915,162,276,176,301
Hamilton,2016,64,12,1,3,0,8,52,8,24,6,14
Herkimer,2016,1055,231,15,28,37,151,824,59,156,311,298
Jefferson,2016,2398,612,129,102,54,327,1786,144,374,589,679
Kings,2016,66973,25031,3548,7702,305,13476,41942,9669,1528,15410,15335
Lewis,2016,392,131,34,13,23,61,261,28,79,62,92
Livingston,2016,1289,386,72,41,54,219,903,182,215,197,309
Madison,2016,1156,308,44,45,26,193,848,104,146,264,334
Monroe,2016,14112,4393,554,1071,423,2345,9719,855,1872,3755,3237
Montgomery,2016,1161,314,59,52,32,171,847,97,153,283,314
Nassau,2016,16993,5326,1115,1112,289,2810,11667,3782,2009,2677,3199
New York,2016,68475,18648,3911,4106,112,10519,49827,11861,1419,22700,13847
Niagara,2016,5030,1443,198,378,95,772,3587,487,603,1196,1301
Oneida,2016,5197,1246,308,262,57,619,3951,532,557,1460,1402
Onondaga,2016,10477,3493,569,824,205,1895,6984,1220,1132,2585,2047
Ontario,2016,1832,566,65,87,77,337,1266,103,312,450,401
Orange,2016,8785,2286,508,457,178,1143,6499,1534,1096,1911,1958
Orleans,2016,801,250,51,31,23,145,551,45,118,181,207
Oswego,2016,2654,757,119,159,57,422,1897,209,365,703,620
Otsego,2016,1104,333,66,50,37,180,771,100,184,227,260
Putnam,2016,1370,308,82,43,41,142,1062,224,445,136,257
Queens,2016,47697,17432,1877,4846,327,10382,30265,5273,1834,9358,13800
Rensselaer,2016,3290,1046,160,224,58,604,2244,326,444,652,822
Richmond,2016,10007,3507,725,859,71,1852,6500,1792,642,1711,2355
Rockland,2016,3431,1023,111,245,79,588,2408,338,596,666,808
St. Lawrence,2016,2254,617,87,140,56,334,1637,222,298,569,548
Saratoga,2016,3639,958,175,170,127,486,2681,387,822,693,779
Schenectady,2016,3989,1299,295,296,54,654,2690,248,259,1014,1169
Schoharie,2016,549,143,8,36,21,78,406,29,92,108,177
Schuyler,2016,329,116,36,12,13,55,213,19,64,70,60
Seneca,2016,778,273,58,36,41,138,505,55,122,146,182
Steuben,2016,1942,642,125,104,83,330,1300,137,301,350,512
Suffolk,2016,19972,4841,786,927,488,2640,15131,3821,3082,4069,4159
Sullivan,2016,1768,498,74,111,61,252,1270,253,251,346,420
Tioga,2016,679,193,21,51,27,94,486,63,120,107,196
Tompkins,2016,1479,372,67,84,41,180,1107,137,259,384,327
Ulster,2016,4111,1075,211,193,112,559,3036,565,708,707,1056
Warren,2016,1719,442,82,72,40,248,1277,136,244,542,355
Washington,2016,1165,275,54,58,22,141,890,127,201,153,409
Wayne,2016,1471,396,43,60,50,243,1075,94,238,334,409
Westchester,2016,13033,4092,773,996,225,2098,8941,1613,1725,2326,3277
Wyoming,2016,636,253,60,52,19,122,383,42,90,81,170
Yates,2016,324,101,36,13,11,41,223,19,56,48,100
Albany,2017,7563,2712,631,511,174,1396,4851,895,980,1556,1420
Allegany,2017,771,208,42,38,29,99,563,57,153,131,222
Bronx,2017,51310,16248,3794,5739,136,6579,35062,8238,980,10062,15782
Broome,2017,5342,1403,262,314,66,761,3939,967,374,1344,1254
Cattaraugus,2017,1614,487,113,63,60,251,1127,123,315,287,402
Cayuga,2017,1188,384,53,52,37,242,804,56,167,258,323
Chautauqua,2017,3424,1023,256,201,72,494,2401,439,482,657,823
Chemung,2017,1879,490,102,96,53,239,1389,252,214,520,403
Chenango,2017,754,236,63,44,14,115,518,57,82,180,199
Clinton,2017,1864,632,103,101,66,362,1232,132,314,382,404
Columbia,2017,1175,294,74,47,28,145,881,215,191,187,288
Cortland,2017,1311,371,87,42,34,208,940,167,134,365,274
Delaware,2017,892,262,68,37,31,126,630,101,105,155,269
Dutchess,2017,5055,1479,258,248,133,840,3576,686,1002,879,1009
Erie,2017,19876,6208,1015,1646,317,3230,13668,3015,1920,4135,4598
Essex,2017,664,192,37,30,23,102,472,65,122,123,162
Franklin,2017,1199,398,96,62,31,209,801,100,156,218,327
Fulton,2017,1058,382,49,51,29,253,676,79,142,195,260
Genesee,2017,1181,402,62,84,38,218,779,103,210,232,234
Greene,2017,1368,362,91,50,43,178,1006,208,325,207,266
Hamilton,2017,49,19,1,7,5,6,30,7,10,1,12
Herkimer,2017,1081,284,23,63,35,163,797,74,151,241,331
Jefferson,2017,2265,653,128,89,70,366,1612,148,319,562,583
Kings,2017,62471,23710,3745,7112,290,12563,38761,10197,1456,12861,14247
Lewis,2017,335,130,53,16,12,49,205,21,57,47,80
Livingston,2017,1240,340,51,38,56,195,900,169,205,209,317
Madison,2017,1100,270,36,48,17,169,830,98,127,280,325
Monroe,2017,14363,4603,619,1060,411,2513,9760,886,1734,3729,3411
Montgomery,2017,1134,340,64,50,28,198,794,112,120,255,307
Nassau,2017,16973,5237,1081,1148,277,2731,11736,4536,1880,2290,3030
New York,2017,61314,17028,3156,3987,99,9786,44286,10435,1345,19992,12514
Niagara,2017,4920,1481,238,346,79,818,3439,470,605,1060,1304
Oneida,2017,5285,1382,325,282,57,718,3903,623,502,1363,1415
Onondaga,2017,10279,3342,499,816,188,1839,6937,1480,1069,2438,1950
Ontario,2017,1814,563,95,80,80,308,1251,152,294,406,399
Orange,2017,9159,2387,587,490,210,1100,6772,1694,1183,1880,2015
Orleans,2017,924,296,51,43,27,175,628,57,149,175,247
Oswego,2017,2447,710,84,163,52,411,1737,181,354,597,605
Otsego,2017,1024,286,45,64,26,151,738,89,180,225,244
Putnam,2017,1397,327,108,43,66,110,1070,299,411,103,257
Queens,2017,42740,15449,1814,4786,274,8575,27291,5247,1713,7856,12475
Rensselaer,2017,3279,1091,192,220,66,613,2188,347,406,641,794
Richmond,2017,8958,3223,636,800,80,1707,5735,1466,638,1473,2158
Rockland,2017,3467,984,124,256,82,522,2483,375,606,641,861
St. Lawrence,2017,2166,693,145,109,39,400,1473,272,273,429,499
Saratoga,2017,4060,1075,132,190,137,616,2985,453,891,748,893
Schenectady,2017,3694,1272,287,225,50,710,2422,221,256,915,1030
Schoharie,2017,448,110,11,26,15,58,338,29,55,93,161
Schuyler,2017,272,88,24,11,14,39,184,23,62,48,51
Seneca,2017,738,231,33,34,28,136,507,52,112,178,165
Steuben,2017,1833,644,148,121,58,317,1189,184,257,313,435
Suffolk,2017,20534,5009,895,866,510,2738,15525,4374,2767,3901,4483
Sullivan,2017,1920,520,76,102,64,278,1400,336,322,322,420
Tioga,2017,730,221,34,34,25,128,509,111,112,95,191
Tompkins,2017,1274,297,45,67,29,156,977,98,176,413,290
Ulster,2017,4256,1105,229,136,121,619,3151,667,721,727,1036
Warren,2017,1754,487,85,90,32,280,1267,185,259,436,387
Washington,2017,1205,363,44,53,48,218,842,153,199,161,329
Wayne,2017,1566,476,44,97,68,267,1090,115,224,288,463
Westchester,2017,12677,3739,604,950,228,1957,8938,1703,1544,2243,3448
Wyoming,2017,773,259,41,53,38,127,514,70,177,80,187
Yates,2017,293,87,20,9,9,49,206,31,59,34,82
Albany,2018,6864,2465,518,477,137,1333,4399,824,810,1432,1333
Allegany,2018,796,245,45,59,33,108,551,52,120,112,267
Bronx,2018,45488,15008,3074,5573,142,6219,30480,5939,954,7427,16160
Broome,2018,4918,1373,267,291,71,744,3545,778,423,1203,1141
Cattaraugus,2018,1648,548,173,85,58,232,1100,149,268,311,372
Cayuga,2018,1245,348,39,77,25,207,897,81,165,294,357
Chautauqua,2018,3380,1003,158,196,74,575,2377,484,416,660,817
Chemung,2018,1957,533,121,123,49,240,1424,296,229,465,434
Chenango,2018,853,255,62,50,25,118,598,77,122,178,221
Clinton,2018,1835,635,132,116,57,330,1200,145,319,340,396
Columbia,2018,1326,341,83,49,36,173,985,288,196,216,285
Cortland,2018,1209,347,60,58,19,210,862,182,154,277,249
Delaware,2018,851,249,59,33,23,134,602,96,112,139,255
Dutchess,2018,4375,1292,219,227,126,720,3083,610,864,669,940
Erie,2018,20173,6703,1226,1795,327,3355,13470,3058,1744,4082,4586
Essex,2018,677,191,24,30,28,109,486,95,165,80,146
Franklin,2018,1133,403,108,57,23,215,730,93,162,174,301
Fulton,2018,1181,366,73,63,32,198,815,123,168,214,310
Genesee,2018,1211,371,28,68,56,219,840,88,241,235,276
Greene,2018,1405,420,120,49,64,187,985,232,306,194,253
Hamilton,2018,53,18,3,4,1,10,35,5,5,9,16
Herkimer,2018,1014,238,19,48,34,137,776,105,199,204,268
Jefferson,2018,2138,600,140,108,55,297,1538,122,343,531,542
Kings,2018,54238,23195,3288,7140,212,12555,31043,6619,1280,9278,13866
Lewis,2018,332,96,21,18,7,50,236,12,71,56,97
Livingston,2018,1120,348,68,45,46,189,772,174,207,143,248
Madison,2018,1269,372,76,66,33,197,897,122,166,308,301
Monroe,2018,13543,4354,604,1005,405,2340,9189,777,1647,3464,3301
Montgomery,2018,1102,323,49,54,26,194,779,113,127,221,318
Nassau,2018,17032,4692,992,1036,298,2366,12340,5296,1818,2313,2913
New York,2018,50154,17114,2321,3984,102,10707,33040,5938,1222,13897,11983
Niagara,2018,4451,1421,186,323,85,827,3030,437,555,913,1125
Oneida,2018,4922,1202,184,232,81,705,3720,547,331,1502,1340
Onondaga,2018,10392,3369,538,793,185,1853,7023,1366,1136,2381,2140
Ontario,2018,1878,611,133,82,64,332,1267,181,287,406,393
Orange,2018,8729,2480,705,455,220,1100,6249,1488,1215,1810,1736
Orleans,2018,785,254,42,42,19,151,531,40,102,165,224
Oswego,2018,2774,725,79,117,65,464,2049,282,324,831,612
Otsego,2018,1052,297,70,57,26,144,755,96,159,228,272
Putnam,2018,1266,301,93,58,35,115,965,245,382,97,241
Queens,2018,39106,15402,1892,4853,245,8412,23704,2971,1474,7348,11911
Rensselaer,2018,3155,1115,177,231,76,631,2040,275,368,705,692
Richmond,2018,8357,3069,521,788,69,1691,5288,1185,618,1405,2080
Rockland,2018,3321,981,106,243,76,556,2340,372,550,639,779
St. Lawrence,2018,2111,642,144,129,39,330,1469,259,261,430,519
Saratoga,2018,3913,1040,179,163,128,570,2873,487,748,749,889
Schenectady,2018,3793,1282,231,236,53,762,2511,263,249,902,1097
Schoharie,2018,395,99,5,16,15,63,296,27,63,88,118
Schuyler,2018,309,97,21,15,22,39,212,30,75,46,61
Seneca,2018,666,220,40,28,39,113,446,44,88,133,181
Steuben,2018,1996,733,218,117,66,332,1263,228,287,314,434
Suffolk,2018,20003,4822,893,851,406,2672,15181,4403,2516,3938,4324
Sullivan,2018,1929,599,93,113,39,354,1330,386,252,355,337
Tioga,2018,684,207,47,31,25,104,477,110,97,88,182
Tompkins,2018,1198,308,48,72,30,158,890,129,157,352,252
Ulster,2018,3965,1102,219,148,129,606,2863,641,648,674,900
Warren,2018,1754,454,81,65,40,268,1300,224,291,405,380
Washington,2018,1242,389,49,53,47,240,853,196,205,150,302
Wayne,2018,1479,399,44,46,62,247,1080,112,189,392,387
Westchester,2018,12759,3838,724,878,210,2026,8921,2093,1543,1915,3370
Wyoming,2018,791,285,50,53,41,141,506,69,209,71,157
Yates,2018,313,101,16,11,17,57,212,28,55,38,91
Albany,2019,6232,2288,418,462,101,1307,3944,674,588,1476,1206
Allegany,2019,752,210,33,45,15,117,542,60,159,106,217
Bronx,2019,40456,14959,2798,5790,117,6254,25497,4105,756,6191,14445
Broome,2019,4807,1425,293,311,60,761,3382,659,361,1290,1072
Cattaraugus,2019,1523,453,129,65,55,204,1070,163,282,237,388
Cayuga,2019,1241,411,66,60,25,260,830,62,135,294,339
Chautauqua,2019,3603,1081,207,209,60,605,2522,463,421,692,946
Chemung,2019,2039,525,103,102,55,265,1514,358,207,502,447
Chenango,2019,787,250,38,49,17,146,537,83,81,132,241
Clinton,2019,1708,460,111,77,57,215,1248,116,274,465,393
Columbia,2019,1263,340,85,63,34,158,923,329,206,140,248
Cortland,2019,1071,299,33,67,33,166,772,125,179,202,266
Delaware,2019,756,197,43,41,26,87,559,85,126,131,217
Dutchess,2019,4267,1200,215,211,154,620,3067,596,900,697,874
Erie,2019,19181,6358,1283,1604,330,3141,12823,2799,1811,3844,4369
Essex,2019,646,159,21,19,25,94,487,67,164,88,168
Franklin,2019,926,321,96,32,23,170,605,109,130,155,211
Fulton,2019,1015,291,61,44,29,157,724,132,154,208,230
Genesee,2019,1214,380,43,80,41,216,834,97,196,220,321
Greene,2019,1214,342,81,45,49,167,872,208,317,129,218
Hamilton,2019,52,9,0,1,2,6,43,1,18,7,17
Herkimer,2019,959,274,17,55,41,161,685,77,188,170,250
Jefferson,2019,1868,527,84,95,43,305,1341,115,290,471,465
Kings,2019,46517,22136,2920,7195,196,11825,24381,2925,1118,7694,12644
Lewis,2019,359,124,35,16,16,57,235,27,84,47,77
Livingston,2019,1025,393,88,51,51,203,632,114,165,112,241
Madison,2019,1097,305,35,59,35,176,792,99,149,248,296
Monroe,2019,12605,4232,575,968,410,2279,8373,531,1603,3332,2907
Montgomery,2019,1121,375,75,59,26,215,746,123,133,208,282
Nassau,2019,15369,4611,811,1031,269,2500,10758,4074,1764,2236,2684
New York,2019,42785,15342,1783,4098,69,9392,27443,4471,953,11170,10849
Niagara,2019,4562,1435,191,360,82,802,3127,438,519,1015,1155
Oneida,2019,4544,1096,154,217,78,647,3448,444,381,1400,1223
Onondaga,2019,9574,3217,415,785,171,1846,6357,835,1064,2306,2152
Ontario,2019,2079,731,150,117,76,388,1348,291,301,321,435
Orange,2019,7835,2184,480,385,212,1107,5651,1125,1210,1708,1608
Orleans,2019,748,262,51,39,23,149,486,72,96,132,186
Oswego,2019,2494,619,64,103,42,410,1875,230,279,826,540
Otsego,2019,1024,278,37,58,37,146,746,89,153,232,272
Putnam,2019,1193,255,50,24,54,127,938,212,382,90,254
Queens,2019,35356,14422,1533,4731,228,7930,20934,1581,1270,6684,11399
Rensselaer,2019,3254,1115,192,215,70,638,2139,298,351,760,730
Richmond,2019,7403,3075,424,795,77,1779,4328,574,554,1253,1947
Rockland,2019,3085,930,144,236,77,473,2155,320,482,600,753
St. Lawrence,2019,1819,610,149,92,45,324,1209,192,301,347,369
Saratoga,2019,3276,904,143,128,108,525,2372,410,651,632,679
Schenectady,2019,3406,1199,242,267,57,633,2207,201,277,785,944
Schoharie,2019,321,87,11,14,20,42,234,18,53,43,120
Schuyler,2019,263,78,8,13,11,46,185,27,55,41,62
Seneca,2019,630,239,36,22,32,149,391,41,68,130,152
Steuben,2019,1928,703,221,96,69,317,1225,234,279,319,393
Suffolk,2019,18783,4488,818,820,419,2431,14295,3463,2474,4059,4299
Sullivan,2019,1857,577,91,118,55,313,1280,337,243,337,363
Tioga,2019,605,183,44,42,19,78,422,91,81,72,178
Tompkins,2019,1108,267,30,50,30,157,841,91,144,363,243
Ulster,2019,3428,975,155,159,115,546,2453,397,676,557,823
Warren,2019,1375,357,79,59,48,171,1018,189,234,285,310
Washington,2019,1099,329,50,52,33,194,770,183,146,126,315
Wayne,2019,1242,377,50,77,41,209,865,55,179,293,338
Westchester,2019,12961,4189,712,912,215,2350,8772,1555,1736,2078,3403
Wyoming,2019,710,240,27,35,64,114,470,73,206,72,119
Yates,2019,273,67,6,10,6,45,206,29,58,26,93
Albany,2020,4341,1864,259,468,91,1046,2477,350,424,829,874
Allegany,2020,596,221,20,87,20,94,375,34,97,84,160
Bronx,2020,28006,11728,1611,5550,74,4493,16278,1935,377,3232,10734
Broome,2020,4208,1333,219,362,43,709,2875,504,229,1238,904
Cattaraugus,2020,1429,513,93,88,41,291,916,185,187,218,326
Cayuga,2020,1157,387,29,87,21,250,770,53,104,249,364
Chautauqua,2020,3367,1084,115,247,57,665,2283,315,341,750,877
Chemung,2020,1948,531,89,122,37,283,1417,375,136,504,402
Chenango,2020,806,226,26,48,10,142,580,103,69,157,251
Clinton,2020,1413,407,81,58,37,231,1006,84,177,438,307
Columbia,2020,925,318,93,63,36,126,607,149,172,89,197
Cortland,2020,823,307,17,88,27,175,516,83,88,147,198
Delaware,2020,629,195,34,29,20,112,434,70,107,80,177
Dutchess,2020,3310,966,135,198,96,537,2344,222,642,772,708
Erie,2020,11513,4308,529,1281,212,2286,7205,1162,1086,2290,2667
Essex,2020,523,179,25,28,22,104,344,31,117,67,129
Franklin,2020,899,295,90,47,17,141,604,96,92,184,232
Fulton,2020,694,232,16,45,17,154,462,49,92,145,176
Genesee,2020,835,287,29,61,35,162,548,55,132,129,232
Greene,2020,1061,333,77,43,45,168,728,184,251,134,159
Hamilton,2020,38,9,3,1,2,3,29,2,14,1,12
Herkimer,2020,766,175,7,30,23,115,591,67,139,186,199
Jefferson,2020,1984,606,108,101,39,358,1378,122,196,604,456
Kings,2020,32200,16996,1546,7095,126,8229,15204,1558,605,4310,8731
Lewis,2020,261,84,23,18,6,37,177,29,61,30,57
Livingston,2020,806,262,30,48,35,149,544,39,162,119,224
Madison,2020,1017,279,24,55,21,179,738,95,93,278,272
Monroe,2020,9885,3775,473,1124,306,1872,6110,246,995,2488,2381
Montgomery,2020,998,301,36,64,21,180,697,109,84,242,262
Nassau,2020,10376,4023,494,1096,185,2248,6353,1363,1212,1439,2339
New York,2020,27916,12137,1018,4093,31,6995,15779,2433,335,5655,7356
Niagara,2020,3852,1228,104,350,69,705,2624,238,443,957,986
Oneida,2020,3274,736,32,217,50,437,2538,172,304,1145,917
Onondaga,2020,8011,3052,261,960,135,1696,4959,509,789,1886,1775
Ontario,2020,1497,502,51,83,68,300,995,149,159,342,345
Orange,2020,5772,1707,424,315,207,761,4065,670,1036,1250,1109
Orleans,2020,473,172,18,35,18,101,301,19,43,100,139
Oswego,2020,2183,622,57,142,42,381,1561,198,216,625,522
Otsego,2020,714,240,13,67,17,143,474,67,86,117,204
Putnam,2020,989,216,77,32,30,77,773,140,367,74,192
Queens,2020,24862,11659,924,4607,132,5996,13203,981,752,3516,7954
Rensselaer,2020,2322,860,130,221,33,476,1462,140,194,613,515
Richmond,2020,5343,2524,235,769,56,1464,2819,289,224,812,1494
Rockland,2020,2225,805,107,241,53,404,1420,134,365,318,603
St. Lawrence,2020,1595,572,144,91,27,310,1023,181,191,329,322
Saratoga,2020,2923,988,150,167,100,571,1935,359,423,539,614
Schenectady,2020,2715,845,63,214,34,534,1870,116,201,716,837
Schoharie,2020,370,68,9,11,10,38,302,23,41,117,121
Schuyler,2020,197,76,8,12,6,50,121,12,24,46,39
Seneca,2020,545,187,23,18,31,115,358,42,76,100,140
Steuben,2020,1679,624,169,104,56,295,1055,192,183,325,355
Suffolk,2020,12387,3563,634,743,297,1889,8824,1898,1563,2449,2914
Sullivan,2020,1353,465,89,86,43,247,888,246,175,256,211
Tioga,2020,403,133,11,29,7,86,270,38,29,84,119
Tompkins,2020,825,209,21,47,13,128,616,58,84,265,209
Ulster,2020,2888,938,200,149,123,466,1950,342,500,513,595
Warren,2020,1290,383,87,55,24,217,907,228,158,262,259
Washington,2020,956,273,46,37,22,168,683,161,135,108,279
Wayne,2020,1282,455,37,86,56,276,827,60,148,287,332
Westchester,2020,9670,3137,475,878,151,1633,6533,852,1067,1877,2737
Wyoming,2020,683,225,28,42,37,118,458,78,187,78,115
Yates,2020,216,64,7,15,13,29,152,18,34,30,70
Albany,2021,4932,2069,267,537,85,1180,2863,250,491,981,1141
Allegany,2021,719,238,27,62,19,130,481,52,88,119,222
Bronx,2021,29390,12816,1592,5890,76,5258,16574,1294,398,3429,11453
Broome,2021,4196,1508,192,400,44,872,2688,436,275,1060,917
Cattaraugus,2021,1746,529,81,120,46,282,1217,158,248,328,483
Cayuga,2021,1174,410,50,95,24,241,764,52,124,253,335
Chautauqua,2021,3598,1125,128,233,58,706,2473,405,420,648,1000
Chemung,2021,1955,580,77,167,43,293,1375,311,135,457,472
Chenango,2021,762,244,45,51,9,139,518,118,70,129,201
Clinton,2021,1200,369,59,81,46,183,831,57,196,294,284
Columbia,2021,855,277,61,64,24,128,578,95,207,95,181
Cortland,2021,908,280,27,48,29,176,628,92,120,186,230
Delaware,2021,711,254,25,53,27,149,457,66,114,106,171
Dutchess,2021,3305,1038,158,217,119,544,2267,196,673,672,726
Erie,2021,11946,4611,625,1425,230,2331,7335,1036,1298,2376,2625
Essex,2021,518,166,24,27,18,97,352,38,104,77,133
Franklin,2021,964,304,70,52,16,166,660,129,89,208,234
Fulton,2021,858,307,17,67,22,201,551,82,127,116,226
Genesee,2021,1056,378,34,98,37,209,678,81,153,180,264
Greene,2021,1281,428,128,56,46,198,853,218,289,146,200
Hamilton,2021,42,14,0,4,3,7,28,2,14,4,8
Herkimer,2021,865,252,10,58,29,155,613,70,128,201,214
Jefferson,2021,1804,563,92,99,47,325,1241,100,264,432,445
Kings,2021,34593,17671,1393,7259,160,8859,16922,1242,605,4585,10490
Lewis,2021,277,93,12,23,9,49,184,27,66,34,57
Livingston,2021,920,344,63,44,34,203,576,95,181,82,218
Madison,2021,1071,328,25,62,19,222,743,98,117,267,261
Monroe,2021,8893,3189,302,1041,271,1575,5704,211,1013,2320,2160
Montgomery,2021,1069,343,49,69,25,200,726,100,134,213,279
Nassau,2021,12234,4885,696,1167,179,2843,7349,1465,1130,1590,3164
New York,2021,33128,13997,1348,5076,41,7532,19131,2758,314,6748,9311
Niagara,2021,3717,1212,102,331,88,691,2505,229,598,666,1012
Oneida,2021,4204,1068,89,282,43,654,3136,206,366,1417,1147
Onondaga,2021,8538,3194,243,967,139,1845,5344,514,811,2029,1990
Ontario,2021,1397,514,50,84,69,311,883,71,222,247,343
Orange,2021,5945,1669,310,311,235,813,4276,566,1244,1287,1179
Orleans,2021,478,177,19,46,15,97,301,20,63,81,137
Oswego,2021,2388,654,73,126,45,410,1734,198,285,643,608
Otsego,2021,769,220,14,57,16,133,549,67,130,122,230
Putnam,2021,908,243,66,41,37,99,665,116,267,82,200
Queens,2021,27347,12893,896,4984,129,6884,14454,764,783,3548,9359
Rensselaer,2021,2317,868,100,224,37,507,1449,104,225,500,620
Richmond,2021,6011,2730,288,815,37,1590,3281,422,235,818,1806
Rockland,2021,2379,860,73,275,45,467,1519,124,326,357,712
St. Lawrence,2021,1771,553,133,104,35,281,1218,293,256,311,358
Saratoga,2021,3007,921,119,174,77,551,2086,258,503,591,734
Schenectady,2021,2944,1023,120,211,45,647,1921,121,202,750,848
Schoharie,2021,370,100,17,21,15,47,270,28,60,88,94
Schuyler,2021,272,105,13,10,11,71,167,28,43,45,51
Seneca,2021,593,219,15,27,25,152,374,32,87,127,128
Steuben,2021,1928,697,188,136,44,329,1231,262,248,322,399
Suffolk,2021,11928,3571,569,813,333,1856,8357,1308,1923,1881,3245
Sullivan,2021,1568,528,92,116,59,261,1040,241,254,286,259
Tioga,2021,495,168,27,44,11,86,327,65,44,73,145
Tompkins,2021,889,238,15,70,14,139,651,44,84,282,241
Ulster,2021,3121,978,185,149,116,528,2143,319,667,449,708
Warren,2021,1459,423,61,51,36,275,1036,150,158,377,351
Washington,2021,843,249,24,39,18,168,594,103,115,110,266
Wayne,2021,1146,375,13,85,44,233,771,67,144,246,314
Westchester,2021,9356,2997,312,850,225,1610,6359,623,1458,1524,2754
Wyoming,2021,612,224,27,60,36,101,388,52,147,61,128
Yates,2021,258,93,15,6,12,60,165,10,49,30,76
Albany,2022,5304,2237,264,616,101,1256,3067,236,561,1046,1224
Allegany,2022,680,232,11,69,12,140,448,31,103,123,191
Bronx,2022,37183,15611,1407,7310,73,6821,21572,1579,448,5810,13735
Broome,2022,4497,1507,152,389,45,921,2990,386,313,1294,997
Cattaraugus,2022,1606,523,52,108,39,324,1083,111,173,415,384
Cayuga,2022,1249,395,39,62,32,262,854,42,143,310,359
Chautauqua,2022,3637,1244,238,252,62,692,2393,337,335,787,934
Chemung,2022,2111,656,97,165,31,363,1455,295,181,509,470
Chenango,2022,786,260,27,58,15,160,526,94,56,178,198
Clinton,2022,1344,378,50,77,42,209,966,91,172,381,322
Columbia,2022,896,256,39,49,39,129,640,71,227,155,187
Cortland,2022,1037,334,35,62,31,206,703,79,116,245,263
Delaware,2022,573,190,9,53,17,111,383,36,81,99,167
Dutchess,2022,3280,1005,137,218,111,539,2275,133,653,691,798
Erie,2022,13470,5048,586,1496,224,2742,8422,913,1297,3035,3177
Essex,2022,604,199,29,40,13,117,405,56,117,89,143
Franklin,2022,1108,385,87,71,10,217,723,101,83,263,276
Fulton,2022,792,288,27,75,14,172,504,80,104,113,207
Genesee,2022,1222,444,37,86,43,278,778,72,162,262,282
Greene,2022,1233,381,83,73,34,191,852,145,269,152,286
Hamilton,2022,34,8,1,2,0,5,26,1,11,2,12
Herkimer,2022,926,253,10,55,16,172,673,55,136,280,202
Jefferson,2022,1693,555,62,106,19,368,1138,79,203,452,404
Kings,2022,41512,20441,1427,8111,133,10770,21071,1425,648,6603,12395
Lewis,2022,302,116,30,17,12,57,186,9,61,43,73
Livingston,2022,935,327,51,36,32,208,608,108,153,126,221
Madison,2022,1182,400,29,72,23,276,782,79,120,308,275
Monroe,2022,9525,3657,304,1245,265,1843,5868,181,1003,2515,2169
Montgomery,2022,1162,339,40,71,27,201,823,129,114,262,318
Nassau,2022,13476,5174,876,1329,146,2823,8302,1557,1224,2178,3343
New York,2022,37926,16366,1613,5736,57,8960,21560,2858,374,8063,10265
Niagara,2022,3649,1330,168,337,76,749,2319,252,414,664,989
Oneida,2022,4511,1102,79,272,31,720,3409,213,305,1600,1291
Onondaga,2022,8506,3344,231,961,108,2044,5162,424,689,2105,1944
Ontario,2022,1497,587,45,121,57,364,910,48,208,313,341
Orange,2022,6026,1888,246,406,247,989,4138,445,1301,1129,1263
Orleans,2022,553,196,12,51,9,124,357,11,75,113,158
Oswego,2022,2528,750,75,168,46,461,1778,119,231,783,645
Otsego,2022,836,255,21,69,10,155,581,57,104,180,240
Putnam,2022,897,228,31,48,33,116,669,66,335,78,190
Queens,2022,31382,15070,1057,5709,132,8172,16312,769,746,4288,10509
Rensselaer,2022,2397,903,80,235,32,556,1494,76,243,554,621
Richmond,2022,6614,2918,280,965,33,1640,3696,451,198,994,2053
Rockland,2022,2551,882,63,275,68,476,1669,110,488,393,678
St. Lawrence,2022,1777,576,114,101,29,332,1201,178,239,385,399
Saratoga,2022,3359,1104,172,187,105,640,2255,219,545,685,806
Schenectady,2022,2946,1066,60,272,43,691,1880,70,184,751,875
Schoharie,2022,348,104,11,14,13,66,244,21,41,72,110
Schuyler,2022,339,132,16,18,6,92,207,34,54,65,54
Seneca,2022,612,227,23,37,18,149,385,25,81,131,148
Steuben,2022,1883,733,109,144,44,436,1150,142,189,356,463
Suffolk,2022,13072,3523,645,837,325,1716,9549,1270,2065,2552,3662
Sullivan,2022,1528,578,68,122,50,338,950,140,273,286,251
Tioga,2022,565,179,14,45,13,107,386,79,58,82,167
Tompkins,2022,1211,449,16,118,17,298,762,50,125,300,287
Ulster,2022,3234,1090,166,202,142,580,2144,227,825,386,706
Warren,2022,1635,484,71,58,38,317,1151,160,162,416,413
Washington,2022,850,319,24,63,21,211,531,44,79,121,287
Wayne,2022,1160,360,9,62,40,249,800,27,137,358,278
Westchester,2022,10444,3621,323,1007,225,2066,6823,473,1515,1783,3052
Wyoming,2022,628,257,31,59,34,133,371,46,113,59,153
Yates,2022,229,87,6,13,9,59,142,8,25,27,82
